model,J,M,tail_mode,cell_shape,rx,ry,distance,lambda_xx_cell_lower,lambda_xx0,lambda_xx_finite,lambda_xxx_finite,lambda_xxy_finite,lambda_xx_tail_energy,lambda_xx_tail_bound,old_dirichlet_tail_energy,M_xxx,M_xxy,Rxx1_lower,Rxx2_lower,Jxx1_lower,Jxx2_lower,success,cluster_complete,rigorous_flag
symmetry_x_even,30,,tail_ignored,x_only,0.2,0.0,0.2,36.393407478299366,36.393407478299366,36.393407478299366,7.201517969142668e-13,-75.02124572679011,0.0,0.0,59.98661458062692,1513.227076542765,1929.4845334807262,-13.35789251319255,-13.189512840739116,2.400915190050359,2.569294862503792,True,True,exploratory_double
symmetry_x_even,30,,tail_ignored,y_only,0.0,0.003408230787800825,0.003408230787800825,29.817278886704845,36.393407478299366,36.393407478299366,7.201517969142668e-13,-75.02124572679011,0.0,0.0,59.98661458062692,1513.227076542765,1929.4845334807262,-12.858890500210748,-12.860448409850832,0.0015579096400859527,1.7763568394002505e-15,True,True,exploratory_double
symmetry_x_even,30,,tail_ignored,omega_up,0.033904434781652976,0.0033904434781652977,0.03407353525600174,29.851599225538827,36.393407478299366,36.393407478299366,7.201517969142668e-13,-75.02124572679011,0.0,0.0,59.98661458062692,1513.227076542765,1929.4845334807262,-12.875516556500731,-12.872210719279124,1.7763568394002505e-15,0.0033058372216085985,True,True,exploratory_double
symmetry_x_even,30,,tail_ignored,square,0.003408089539495919,0.003408089539495919,0.004819766448537004,29.81755142312454,36.393407478299366,36.393407478299366,7.201517969142668e-13,-75.02124572679011,0.0,0.0,59.98661458062692,1513.227076542765,1929.4845334807262,-12.859059282179137,-12.86056806298808,0.0015087808089440102,1.7763568394002505e-15,True,True,exploratory_double
signed_xxy,30,,tail_ignored,x_only,0.2,0.0,0.2,36.393407478299366,36.393407478299366,36.393407478299366,7.201517969142668e-13,-75.02124572679011,0.0,0.0,59.98661458062692,1513.227076542765,1929.4845334807262,-13.35789251319255,-13.189512840739116,2.400915190050359,2.569294862503792,True,True,exploratory_double
signed_xxy,30,,tail_ignored,y_only,0.0,0.09886373270055941,0.09886373270055941,36.393407478299366,36.393407478299366,36.393407478299366,7.201517969142668e-13,-75.02124572679011,0.0,0.0,59.98661458062692,1513.227076542765,1929.4845334807262,-13.959813648744342,-13.944573664577215,1.7763568394002505e-15,0.01523998416712935,True,True,exploratory_double
signed_xxy,30,,tail_ignored,omega_up,0.2,0.020000000000000004,0.2009975124224178,36.393407478299366,36.393407478299366,36.393407478299366,7.201517969142668e-13,-75.02124572679011,0.0,0.0,59.98661458062692,1513.227076542765,1929.4845334807262,-13.637399066293009,-13.462063407637975,1.7574745621669052,1.9328102208219384,True,True,exploratory_double
signed_xxy,30,,tail_ignored,square,0.09245855932833408,0.09245855932833408,0.1307561485596075,36.393407478299366,36.393407478299366,36.393407478299366,7.201517969142668e-13,-75.02124572679011,0.0,0.0,59.98661458062692,1513.227076542765,1929.4845334807262,-14.076366690996611,-14.021156712206315,8.881784197001252e-15,0.055209978790305314,True,True,exploratory_double
symmetry_x_even,30,29,neumann_corrected_tail,x_only,0.0,0.0,0.0,24.247703506710977,24.247703506710977,36.393407478299366,7.201517969142668e-13,-75.02124572679011,5.783668557899233,6.072851985794195,59.98661458062692,1691.4067809328628,2529.6125780420757,-12.820992204969132,-12.822561881283685,-2.321428594846772,-2.3229982711613246,False,True,exploratory_double
symmetry_x_even,30,29,neumann_corrected_tail,y_only,0.0,0.0,0.0,24.247703506710977,24.247703506710977,36.393407478299366,7.201517969142668e-13,-75.02124572679011,5.783668557899233,6.072851985794195,59.98661458062692,1691.4067809328628,2529.6125780420757,-12.820992204969132,-12.822561881283685,-2.321428594846772,-2.3229982711613246,False,True,exploratory_double
symmetry_x_even,30,29,neumann_corrected_tail,omega_up,0.0,0.0,0.0,24.247703506710977,24.247703506710977,36.393407478299366,7.201517969142668e-13,-75.02124572679011,5.783668557899233,6.072851985794195,59.98661458062692,1691.4067809328628,2529.6125780420757,-12.820992204969132,-12.822561881283685,-2.321428594846772,-2.3229982711613246,False,True,exploratory_double
symmetry_x_even,30,29,neumann_corrected_tail,square,0.0,0.0,0.0,24.247703506710977,24.247703506710977,36.393407478299366,7.201517969142668e-13,-75.02124572679011,5.783668557899233,6.072851985794195,59.98661458062692,1691.4067809328628,2529.6125780420757,-12.820992204969132,-12.822561881283685,-2.321428594846772,-2.3229982711613246,False,True,exploratory_double
signed_xxy,30,29,neumann_corrected_tail,x_only,0.0,0.0,0.0,24.247703506710977,24.247703506710977,36.393407478299366,7.201517969142668e-13,-75.02124572679011,5.783668557899233,6.072851985794195,59.98661458062692,1691.4067809328628,2529.6125780420757,-12.820992204969132,-12.822561881283685,-2.321428594846772,-2.3229982711613246,False,True,exploratory_double
signed_xxy,30,29,neumann_corrected_tail,y_only,0.0,0.0,0.0,24.247703506710977,24.247703506710977,36.393407478299366,7.201517969142668e-13,-75.02124572679011,5.783668557899233,6.072851985794195,59.98661458062692,1691.4067809328628,2529.6125780420757,-12.820992204969132,-12.822561881283685,-2.321428594846772,-2.3229982711613246,False,True,exploratory_double
signed_xxy,30,29,neumann_corrected_tail,omega_up,0.0,0.0,0.0,24.247703506710977,24.247703506710977,36.393407478299366,7.201517969142668e-13,-75.02124572679011,5.783668557899233,6.072851985794195,59.98661458062692,1691.4067809328628,2529.6125780420757,-12.820992204969132,-12.822561881283685,-2.321428594846772,-2.3229982711613246,False,True,exploratory_double
signed_xxy,30,29,neumann_corrected_tail,square,0.0,0.0,0.0,24.247703506710977,24.247703506710977,36.393407478299366,7.201517969142668e-13,-75.02124572679011,5.783668557899233,6.072851985794195,59.98661458062692,1691.4067809328628,2529.6125780420757,-12.820992204969132,-12.822561881283685,-2.321428594846772,-2.3229982711613246,False,True,exploratory_double
symmetry_x_even,30,31,neumann_corrected_tail,x_only,0.0,0.0,0.0,24.247703506710977,24.247703506710977,36.393407478299366,7.201517969142668e-13,-75.02124572679011,5.783668557899233,6.072851985794195,59.98661458062692,1691.4067809328628,2529.6125780420757,-12.820992204969132,-12.822561881283685,-2.321428594846772,-2.3229982711613246,False,True,exploratory_double
symmetry_x_even,30,31,neumann_corrected_tail,y_only,0.0,0.0,0.0,24.247703506710977,24.247703506710977,36.393407478299366,7.201517969142668e-13,-75.02124572679011,5.783668557899233,6.072851985794195,59.98661458062692,1691.4067809328628,2529.6125780420757,-12.820992204969132,-12.822561881283685,-2.321428594846772,-2.3229982711613246,False,True,exploratory_double
symmetry_x_even,30,31,neumann_corrected_tail,omega_up,0.0,0.0,0.0,24.247703506710977,24.247703506710977,36.393407478299366,7.201517969142668e-13,-75.02124572679011,5.783668557899233,6.072851985794195,59.98661458062692,1691.4067809328628,2529.6125780420757,-12.820992204969132,-12.822561881283685,-2.321428594846772,-2.3229982711613246,False,True,exploratory_double
symmetry_x_even,30,31,neumann_corrected_tail,square,0.0,0.0,0.0,24.247703506710977,24.247703506710977,36.393407478299366,7.201517969142668e-13,-75.02124572679011,5.783668557899233,6.072851985794195,59.98661458062692,1691.4067809328628,2529.6125780420757,-12.820992204969132,-12.822561881283685,-2.321428594846772,-2.3229982711613246,False,True,exploratory_double
signed_xxy,30,31,neumann_corrected_tail,x_only,0.0,0.0,0.0,24.247703506710977,24.247703506710977,36.393407478299366,7.201517969142668e-13,-75.02124572679011,5.783668557899233,6.072851985794195,59.98661458062692,1691.4067809328628,2529.6125780420757,-12.820992204969132,-12.822561881283685,-2.321428594846772,-2.3229982711613246,False,True,exploratory_double
signed_xxy,30,31,neumann_corrected_tail,y_only,0.0,0.0,0.0,24.247703506710977,24.247703506710977,36.393407478299366,7.201517969142668e-13,-75.02124572679011,5.783668557899233,6.072851985794195,59.98661458062692,1691.4067809328628,2529.6125780420757,-12.820992204969132,-12.822561881283685,-2.321428594846772,-2.3229982711613246,False,True,exploratory_double
signed_xxy,30,31,neumann_corrected_tail,omega_up,0.0,0.0,0.0,24.247703506710977,24.247703506710977,36.393407478299366,7.201517969142668e-13,-75.02124572679011,5.783668557899233,6.072851985794195,59.98661458062692,1691.4067809328628,2529.6125780420757,-12.820992204969132,-12.822561881283685,-2.321428594846772,-2.3229982711613246,False,True,exploratory_double
signed_xxy,30,31,neumann_corrected_tail,square,0.0,0.0,0.0,24.247703506710977,24.247703506710977,36.393407478299366,7.201517969142668e-13,-75.02124572679011,5.783668557899233,6.072851985794195,59.98661458062692,1691.4067809328628,2529.6125780420757,-12.820992204969132,-12.822561881283685,-2.321428594846772,-2.3229982711613246,False,True,exploratory_double
symmetry_x_even,30,50,neumann_corrected_tail,x_only,0.0,0.0,0.0,26.807919020987768,26.807919020987768,36.393407478299366,7.201517969142668e-13,-75.02124572679011,4.564518313005522,4.792744228655798,59.98661458062692,1654.9265882753712,2499.958571064107,-12.820992204969132,-12.822561881283685,-1.2128227575833996,-1.2143924338979524,False,True,exploratory_double
symmetry_x_even,30,50,neumann_corrected_tail,y_only,0.0,0.0,0.0,26.807919020987768,26.807919020987768,36.393407478299366,7.201517969142668e-13,-75.02124572679011,4.564518313005522,4.792744228655798,59.98661458062692,1654.9265882753712,2499.958571064107,-12.820992204969132,-12.822561881283685,-1.2128227575833996,-1.2143924338979524,False,True,exploratory_double
symmetry_x_even,30,50,neumann_corrected_tail,omega_up,0.0,0.0,0.0,26.807919020987768,26.807919020987768,36.393407478299366,7.201517969142668e-13,-75.02124572679011,4.564518313005522,4.792744228655798,59.98661458062692,1654.9265882753712,2499.958571064107,-12.820992204969132,-12.822561881283685,-1.2128227575833996,-1.2143924338979524,False,True,exploratory_double
symmetry_x_even,30,50,neumann_corrected_tail,square,0.0,0.0,0.0,26.807919020987768,26.807919020987768,36.393407478299366,7.201517969142668e-13,-75.02124572679011,4.564518313005522,4.792744228655798,59.98661458062692,1654.9265882753712,2499.958571064107,-12.820992204969132,-12.822561881283685,-1.2128227575833996,-1.2143924338979524,False,True,exploratory_double
signed_xxy,30,50,neumann_corrected_tail,x_only,0.0,0.0,0.0,26.807919020987768,26.807919020987768,36.393407478299366,7.201517969142668e-13,-75.02124572679011,4.564518313005522,4.792744228655798,59.98661458062692,1654.9265882753712,2499.958571064107,-12.820992204969132,-12.822561881283685,-1.2128227575833996,-1.2143924338979524,False,True,exploratory_double
signed_xxy,30,50,neumann_corrected_tail,y_only,0.0,0.0,0.0,26.807919020987768,26.807919020987768,36.393407478299366,7.201517969142668e-13,-75.02124572679011,4.564518313005522,4.792744228655798,59.98661458062692,1654.9265882753712,2499.958571064107,-12.820992204969132,-12.822561881283685,-1.2128227575833996,-1.2143924338979524,False,True,exploratory_double
signed_xxy,30,50,neumann_corrected_tail,omega_up,0.0,0.0,0.0,26.807919020987768,26.807919020987768,36.393407478299366,7.201517969142668e-13,-75.02124572679011,4.564518313005522,4.792744228655798,59.98661458062692,1654.9265882753712,2499.958571064107,-12.820992204969132,-12.822561881283685,-1.2128227575833996,-1.2143924338979524,False,True,exploratory_double
signed_xxy,30,50,neumann_corrected_tail,square,0.0,0.0,0.0,26.807919020987768,26.807919020987768,36.393407478299366,7.201517969142668e-13,-75.02124572679011,4.564518313005522,4.792744228655798,59.98661458062692,1654.9265882753712,2499.958571064107,-12.820992204969132,-12.822561881283685,-1.2128227575833996,-1.2143924338979524,False,True,exploratory_double
symmetry_x_even,30,98,neumann_corrected_tail,x_only,0.008603864995221531,0.0,0.008603864995221531,29.61418482239074,29.61418482239074,36.393407478299366,7.201517969142668e-13,-75.02124572679011,3.2282012647183933,3.389611327954313,59.98661458062692,1614.3153583568112,2466.9165029705186,-12.822059794730743,-12.823318184278962,0.0012583895482247698,5.329070518200751e-15,True,True,exploratory_double
symmetry_x_even,30,98,neumann_corrected_tail,y_only,0.0,6.912450270889563e-07,6.912450270889563e-07,29.61247957862582,29.61418482239074,36.393407478299366,7.201517969142668e-13,-75.02124572679011,3.2282012647183933,3.389611327954313,59.98661458062692,1614.3153583568112,2466.9165029705186,-12.820999880075757,-12.822569557329308,0.001569677253552726,1.7763568394002505e-15,True,True,exploratory_double
symmetry_x_even,30,98,neumann_corrected_tail,omega_up,6.91244580821714e-06,6.91244580821714e-07,6.946922061032072e-06,29.612479579726724,29.61418482239074,36.393407478299366,7.201517969142668e-13,-75.02124572679011,3.2282012647183933,3.389611327954313,59.98661458062692,1614.3153583568112,2466.9165029705186,-12.820999880759993,-12.82256955781262,0.0015696770526290038,1.7763568394002505e-15,True,True,exploratory_double
symmetry_x_even,30,98,neumann_corrected_tail,square,6.912450226288088e-07,6.912450226288088e-07,9.775680859245584e-07,29.612479578636822,29.61418482239074,36.393407478299366,7.201517969142668e-13,-75.02124572679011,3.2282012647183933,3.389611327954313,59.98661458062692,1614.3153583568112,2466.9165029705186,-12.8209998800826,-12.822569557334138,0.0015696772515401136,1.7763568394002505e-15,True,True,exploratory_double
signed_xxy,30,98,neumann_corrected_tail,x_only,0.008603864995221531,0.0,0.008603864995221531,29.61418482239074,29.61418482239074,36.393407478299366,7.201517969142668e-13,-75.02124572679011,3.2282012647183933,3.389611327954313,59.98661458062692,1614.3153583568112,2466.9165029705186,-12.822059794730743,-12.823318184278962,0.0012583895482247698,5.329070518200751e-15,True,True,exploratory_double
signed_xxy,30,98,neumann_corrected_tail,y_only,0.0,2.9187526774221425e-05,2.9187526774221425e-05,29.61418482239074,29.61418482239074,36.393407478299366,7.201517969142668e-13,-75.02124572679011,3.2282012647183933,3.389611327954313,59.98661458062692,1614.3153583568112,2466.9165029705186,-12.821316287075444,-12.822886001872762,0.0015697147973234848,5.329070518200751e-15,True,True,exploratory_double
signed_xxy,30,98,neumann_corrected_tail,omega_up,0.00029154001841974464,2.9154001841974465e-05,0.00029299409236977267,29.61418482239074,29.61418482239074,36.393407478299366,7.201517969142668e-13,-75.02124572679011,3.2282012647183933,3.389611327954313,59.98661458062692,1614.3153583568112,2466.9165029705186,-12.82131714094738,-12.82288649827953,0.0015693573321549081,5.329070518200751e-15,True,True,exploratory_double
signed_xxy,30,98,neumann_corrected_tail,square,2.918719076100401e-05,2.918719076100401e-05,4.1276921021782565e-05,29.61418482239074,29.61418482239074,36.393407478299366,7.201517969142668e-13,-75.02124572679011,3.2282012647183933,3.389611327954313,59.98661458062692,1614.3153583568112,2466.9165029705186,-12.821316295633617,-12.82288600684814,0.0015697112145289793,5.329070518200751e-15,True,True,exploratory_double
symmetry_x_even,30,101,neumann_corrected_tail,x_only,0.008603864995221531,0.0,0.008603864995221531,29.61418482239074,29.61418482239074,36.393407478299366,7.201517969142668e-13,-75.02124572679011,3.2282012647183933,3.389611327954313,59.98661458062692,1614.3153583568112,2466.9165029705186,-12.822059794730743,-12.823318184278962,0.0012583895482247698,5.329070518200751e-15,True,True,exploratory_double
symmetry_x_even,30,101,neumann_corrected_tail,y_only,0.0,6.912450270889563e-07,6.912450270889563e-07,29.61247957862582,29.61418482239074,36.393407478299366,7.201517969142668e-13,-75.02124572679011,3.2282012647183933,3.389611327954313,59.98661458062692,1614.3153583568112,2466.9165029705186,-12.820999880075757,-12.822569557329308,0.001569677253552726,1.7763568394002505e-15,True,True,exploratory_double
symmetry_x_even,30,101,neumann_corrected_tail,omega_up,6.91244580821714e-06,6.91244580821714e-07,6.946922061032072e-06,29.612479579726724,29.61418482239074,36.393407478299366,7.201517969142668e-13,-75.02124572679011,3.2282012647183933,3.389611327954313,59.98661458062692,1614.3153583568112,2466.9165029705186,-12.820999880759993,-12.82256955781262,0.0015696770526290038,1.7763568394002505e-15,True,True,exploratory_double
symmetry_x_even,30,101,neumann_corrected_tail,square,6.912450226288088e-07,6.912450226288088e-07,9.775680859245584e-07,29.612479578636822,29.61418482239074,36.393407478299366,7.201517969142668e-13,-75.02124572679011,3.2282012647183933,3.389611327954313,59.98661458062692,1614.3153583568112,2466.9165029705186,-12.8209998800826,-12.822569557334138,0.0015696772515401136,1.7763568394002505e-15,True,True,exploratory_double
signed_xxy,30,101,neumann_corrected_tail,x_only,0.008603864995221531,0.0,0.008603864995221531,29.61418482239074,29.61418482239074,36.393407478299366,7.201517969142668e-13,-75.02124572679011,3.2282012647183933,3.389611327954313,59.98661458062692,1614.3153583568112,2466.9165029705186,-12.822059794730743,-12.823318184278962,0.0012583895482247698,5.329070518200751e-15,True,True,exploratory_double
signed_xxy,30,101,neumann_corrected_tail,y_only,0.0,2.9187526774221425e-05,2.9187526774221425e-05,29.61418482239074,29.61418482239074,36.393407478299366,7.201517969142668e-13,-75.02124572679011,3.2282012647183933,3.389611327954313,59.98661458062692,1614.3153583568112,2466.9165029705186,-12.821316287075444,-12.822886001872762,0.0015697147973234848,5.329070518200751e-15,True,True,exploratory_double
signed_xxy,30,101,neumann_corrected_tail,omega_up,0.00029154001841974464,2.9154001841974465e-05,0.00029299409236977267,29.61418482239074,29.61418482239074,36.393407478299366,7.201517969142668e-13,-75.02124572679011,3.2282012647183933,3.389611327954313,59.98661458062692,1614.3153583568112,2466.9165029705186,-12.82131714094738,-12.82288649827953,0.0015693573321549081,5.329070518200751e-15,True,True,exploratory_double
signed_xxy,30,101,neumann_corrected_tail,square,2.918719076100401e-05,2.918719076100401e-05,4.1276921021782565e-05,29.61418482239074,29.61418482239074,36.393407478299366,7.201517969142668e-13,-75.02124572679011,3.2282012647183933,3.389611327954313,59.98661458062692,1614.3153583568112,2466.9165029705186,-12.821316295633617,-12.82288600684814,0.0015697112145289793,5.329070518200751e-15,True,True,exploratory_double
symmetry_x_even,30,200,neumann_corrected_tail,x_only,0.2,0.0,0.2,31.820571497590393,31.820571497590393,36.393407478299366,7.201517969142668e-13,-75.02124572679011,2.1775409431947494,2.286417990354487,59.98661458062692,1581.897534332141,2440.5176957452795,-13.35789251319255,-13.189512840739116,0.4208191267336101,0.5891987991870433,True,True,exploratory_double
symmetry_x_even,30,200,neumann_corrected_tail,y_only,0.0,0.0008831034187017895,0.0008831034187017895,29.665341977075524,31.820571497590393,36.393407478299366,7.201517969142668e-13,-75.02124572679011,2.1775409431947494,2.286417990354487,59.98661458062692,1581.897534332141,2440.5176957452795,-12.83080131796499,-12.832371099591684,0.0015697816266957432,1.7763568394002505e-15,True,True,exploratory_double
symmetry_x_even,30,200,neumann_corrected_tail,omega_up,0.008823639881611637,0.0008823639881611637,0.008867648333575881,29.667146570394696,31.820571497590393,36.393407478299366,7.201517969142668e-13,-75.02124572679011,2.1775409431947494,2.286417990354487,59.98661458062692,1581.897534332141,2440.5176957452795,-12.831920793992765,-12.833162682996484,0.0012418890037206864,1.7763568394002505e-15,True,True,exploratory_double
symmetry_x_even,30,200,neumann_corrected_tail,square,0.0008830960105832386,0.0008830960105832386,0.0012488863550443902,29.66536005671994,31.820571497590393,36.393407478299366,7.201517969142668e-13,-75.02124572679011,2.1775409431947494,2.286417990354487,59.98661458062692,1581.897534332141,2440.5176957452795,-12.830812532872924,-12.832379030206518,0.0015664973335951515,1.7763568394002505e-15,True,True,exploratory_double
signed_xxy,30,200,neumann_corrected_tail,x_only,0.2,0.0,0.2,31.820571497590393,31.820571497590393,36.393407478299366,7.201517969142668e-13,-75.02124572679011,2.1775409431947494,2.286417990354487,59.98661458062692,1581.897534332141,2440.5176957452795,-13.35789251319255,-13.189512840739116,0.4208191267336101,0.5891987991870433,True,True,exploratory_double
signed_xxy,30,200,neumann_corrected_tail,y_only,0.0,0.03524030668541472,0.03524030668541472,31.820571497590393,31.820571497590393,36.393407478299366,7.201517969142668e-13,-75.02124572679011,2.1775409431947494,2.286417990354487,59.98661458062692,1581.897534332141,2440.5176957452795,-13.218028290686027,-13.217769457923382,7.105427357601002e-15,0.0002588327626522613,True,True,exploratory_double
signed_xxy,30,200,neumann_corrected_tail,omega_up,0.17851370768651675,0.017851370768651675,0.17940405589146255,31.820571497590393,31.820571497590393,36.393407478299366,7.201517969142668e-13,-75.02124572679011,2.1775409431947494,2.286417990354487,59.98661458062692,1581.897534332141,2440.5176957452795,-13.49469122998922,-13.356189890331676,1.7763568394002505e-15,0.1385013396575463,True,True,exploratory_double
signed_xxy,30,200,neumann_corrected_tail,square,0.034497293925955956,0.034497293925955956,0.04878654093525791,31.820571497590393,31.820571497590393,36.393407478299366,7.201517969142668e-13,-75.02124572679011,2.1775409431947494,2.286417990354487,59.98661458062692,1581.897534332141,2440.5176957452795,-13.229849836004021,-13.22435875918501,1.7763568394002505e-15,0.005491076819012619,True,True,exploratory_double
symmetry_x_even,49,,tail_ignored,x_only,0.2,0.0,0.2,36.325965036689574,36.325965036689574,36.325965036689574,7.73517509996302e-13,-75.10260472891373,0.0,0.0,59.95418769967904,1514.2431711656504,1930.5847221281058,-13.35789251319255,-13.189512840739116,2.371711756186695,2.540091428640128,True,True,exploratory_double
symmetry_x_even,49,,tail_ignored,y_only,0.0,0.003372472872525833,0.003372472872525833,29.815120433199716,36.325965036689574,36.325965036689574,7.73517509996302e-13,-75.10260472891373,0.0,0.0,59.95418769967904,1514.2431711656504,1930.5847221281058,-12.858492309031297,-12.860050513595695,0.0015582045644002562,1.7763568394002505e-15,True,True,exploratory_double
symmetry_x_even,49,,tail_ignored,omega_up,0.0335510519261647,0.0033551051926164702,0.03371838988157237,29.84865021069154,36.325965036689574,36.325965036689574,7.73517509996302e-13,-75.10260472891373,0.0,0.0,59.95418769967904,1514.2431711656504,1930.5847221281058,-12.874771994910061,-12.871567638791491,1.7763568394002505e-15,0.0032043561185712832,True,True,exploratory_double
symmetry_x_even,49,,tail_ignored,square,0.003372334684727289,0.003372334684727289,0.004769201448002528,29.81538721645237,36.325965036689574,36.325965036689574,7.73517509996302e-13,-75.10260472891373,0.0,0.0,59.95418769967904,1514.2431711656504,1930.5847221281058,-12.858657540209446,-12.860167644334465,0.0015101041250211722,1.7763568394002505e-15,True,True,exploratory_double
signed_xxy,49,,tail_ignored,x_only,0.2,0.0,0.2,36.325965036689574,36.325965036689574,36.325965036689574,7.73517509996302e-13,-75.10260472891373,0.0,0.0,59.95418769967904,1514.2431711656504,1930.5847221281058,-13.35789251319255,-13.189512840739116,2.371711756186695,2.540091428640128,True,True,exploratory_double
signed_xxy,49,,tail_ignored,y_only,0.0,0.09800192775047961,0.09800192775047961,36.325965036689574,36.325965036689574,36.325965036689574,7.73517509996302e-13,-75.10260472891373,0.0,0.0,59.95418769967904,1514.2431711656504,1930.5847221281058,-13.949596968883187,-13.934681122667152,7.105427357601002e-15,0.014915846216041473,True,True,exploratory_double
signed_xxy,49,,tail_ignored,omega_up,0.2,0.020000000000000004,0.2009975124224178,36.325965036689574,36.325965036689574,36.325965036689574,7.73517509996302e-13,-75.10260472891373,0.0,0.0,59.95418769967904,1514.2431711656504,1930.5847221281058,-13.637399066293009,-13.462063407637975,1.7289455527193383,1.9042812113743715,True,True,exploratory_double
signed_xxy,49,,tail_ignored,square,0.09171373109332098,0.09171373109332098,0.12970280236801357,36.325965036689574,36.325965036689574,36.325965036689574,7.73517509996302e-13,-75.10260472891373,0.0,0.0,59.95418769967904,1514.2431711656504,1930.5847221281058,-14.063809374839078,-14.009591302691694,3.552713678800501e-15,0.054218072147387275,True,True,exploratory_double
symmetry_x_even,49,29,neumann_corrected_tail,x_only,0.0,0.0,0.0,24.456381150215506,24.456381150215506,36.325965036689574,7.73517509996302e-13,-75.10260472891373,5.751241676951352,5.934791943237034,59.95418769967904,1684.8361011404847,2509.4281695502127,-12.820992204969132,-12.822561881283685,-2.2310685246083732,-2.232638200922926,False,True,exploratory_double
symmetry_x_even,49,29,neumann_corrected_tail,y_only,0.0,0.0,0.0,24.456381150215506,24.456381150215506,36.325965036689574,7.73517509996302e-13,-75.10260472891373,5.751241676951352,5.934791943237034,59.95418769967904,1684.8361011404847,2509.4281695502127,-12.820992204969132,-12.822561881283685,-2.2310685246083732,-2.232638200922926,False,True,exploratory_double
symmetry_x_even,49,29,neumann_corrected_tail,omega_up,0.0,0.0,0.0,24.456381150215506,24.456381150215506,36.325965036689574,7.73517509996302e-13,-75.10260472891373,5.751241676951352,5.934791943237034,59.95418769967904,1684.8361011404847,2509.4281695502127,-12.820992204969132,-12.822561881283685,-2.2310685246083732,-2.232638200922926,False,True,exploratory_double
symmetry_x_even,49,29,neumann_corrected_tail,square,0.0,0.0,0.0,24.456381150215506,24.456381150215506,36.325965036689574,7.73517509996302e-13,-75.10260472891373,5.751241676951352,5.934791943237034,59.95418769967904,1684.8361011404847,2509.4281695502127,-12.820992204969132,-12.822561881283685,-2.2310685246083732,-2.232638200922926,False,True,exploratory_double
signed_xxy,49,29,neumann_corrected_tail,x_only,0.0,0.0,0.0,24.456381150215506,24.456381150215506,36.325965036689574,7.73517509996302e-13,-75.10260472891373,5.751241676951352,5.934791943237034,59.95418769967904,1684.8361011404847,2509.4281695502127,-12.820992204969132,-12.822561881283685,-2.2310685246083732,-2.232638200922926,False,True,exploratory_double
signed_xxy,49,29,neumann_corrected_tail,y_only,0.0,0.0,0.0,24.456381150215506,24.456381150215506,36.325965036689574,7.73517509996302e-13,-75.10260472891373,5.751241676951352,5.934791943237034,59.95418769967904,1684.8361011404847,2509.4281695502127,-12.820992204969132,-12.822561881283685,-2.2310685246083732,-2.232638200922926,False,True,exploratory_double
signed_xxy,49,29,neumann_corrected_tail,omega_up,0.0,0.0,0.0,24.456381150215506,24.456381150215506,36.325965036689574,7.73517509996302e-13,-75.10260472891373,5.751241676951352,5.934791943237034,59.95418769967904,1684.8361011404847,2509.4281695502127,-12.820992204969132,-12.822561881283685,-2.2310685246083732,-2.232638200922926,False,True,exploratory_double
signed_xxy,49,29,neumann_corrected_tail,square,0.0,0.0,0.0,24.456381150215506,24.456381150215506,36.325965036689574,7.73517509996302e-13,-75.10260472891373,5.751241676951352,5.934791943237034,59.95418769967904,1684.8361011404847,2509.4281695502127,-12.820992204969132,-12.822561881283685,-2.2310685246083732,-2.232638200922926,False,True,exploratory_double
symmetry_x_even,49,31,neumann_corrected_tail,x_only,0.0,0.0,0.0,24.456381150215506,24.456381150215506,36.325965036689574,7.73517509996302e-13,-75.10260472891373,5.751241676951352,5.934791943237034,59.95418769967904,1684.8361011404847,2509.4281695502127,-12.820992204969132,-12.822561881283685,-2.2310685246083732,-2.232638200922926,False,True,exploratory_double
symmetry_x_even,49,31,neumann_corrected_tail,y_only,0.0,0.0,0.0,24.456381150215506,24.456381150215506,36.325965036689574,7.73517509996302e-13,-75.10260472891373,5.751241676951352,5.934791943237034,59.95418769967904,1684.8361011404847,2509.4281695502127,-12.820992204969132,-12.822561881283685,-2.2310685246083732,-2.232638200922926,False,True,exploratory_double
symmetry_x_even,49,31,neumann_corrected_tail,omega_up,0.0,0.0,0.0,24.456381150215506,24.456381150215506,36.325965036689574,7.73517509996302e-13,-75.10260472891373,5.751241676951352,5.934791943237034,59.95418769967904,1684.8361011404847,2509.4281695502127,-12.820992204969132,-12.822561881283685,-2.2310685246083732,-2.232638200922926,False,True,exploratory_double
symmetry_x_even,49,31,neumann_corrected_tail,square,0.0,0.0,0.0,24.456381150215506,24.456381150215506,36.325965036689574,7.73517509996302e-13,-75.10260472891373,5.751241676951352,5.934791943237034,59.95418769967904,1684.8361011404847,2509.4281695502127,-12.820992204969132,-12.822561881283685,-2.2310685246083732,-2.232638200922926,False,True,exploratory_double
signed_xxy,49,31,neumann_corrected_tail,x_only,0.0,0.0,0.0,24.456381150215506,24.456381150215506,36.325965036689574,7.73517509996302e-13,-75.10260472891373,5.751241676951352,5.934791943237034,59.95418769967904,1684.8361011404847,2509.4281695502127,-12.820992204969132,-12.822561881283685,-2.2310685246083732,-2.232638200922926,False,True,exploratory_double
signed_xxy,49,31,neumann_corrected_tail,y_only,0.0,0.0,0.0,24.456381150215506,24.456381150215506,36.325965036689574,7.73517509996302e-13,-75.10260472891373,5.751241676951352,5.934791943237034,59.95418769967904,1684.8361011404847,2509.4281695502127,-12.820992204969132,-12.822561881283685,-2.2310685246083732,-2.232638200922926,False,True,exploratory_double
signed_xxy,49,31,neumann_corrected_tail,omega_up,0.0,0.0,0.0,24.456381150215506,24.456381150215506,36.325965036689574,7.73517509996302e-13,-75.10260472891373,5.751241676951352,5.934791943237034,59.95418769967904,1684.8361011404847,2509.4281695502127,-12.820992204969132,-12.822561881283685,-2.2310685246083732,-2.232638200922926,False,True,exploratory_double
signed_xxy,49,31,neumann_corrected_tail,square,0.0,0.0,0.0,24.456381150215506,24.456381150215506,36.325965036689574,7.73517509996302e-13,-75.10260472891373,5.751241676951352,5.934791943237034,59.95418769967904,1684.8361011404847,2509.4281695502127,-12.820992204969132,-12.822561881283685,-2.2310685246083732,-2.232638200922926,False,True,exploratory_double
symmetry_x_even,49,50,neumann_corrected_tail,x_only,0.0,0.0,0.0,26.972499740740826,26.972499740740826,36.325965036689574,7.73517509996302e-13,-75.10260472891373,4.532091432057641,4.676732647974374,59.95418769967904,1649.6780814903739,2480.943294026731,-12.820992204969132,-12.822561881283685,-1.141557215443763,-1.1431268917583157,False,True,exploratory_double
symmetry_x_even,49,50,neumann_corrected_tail,y_only,0.0,0.0,0.0,26.972499740740826,26.972499740740826,36.325965036689574,7.73517509996302e-13,-75.10260472891373,4.532091432057641,4.676732647974374,59.95418769967904,1649.6780814903739,2480.943294026731,-12.820992204969132,-12.822561881283685,-1.141557215443763,-1.1431268917583157,False,True,exploratory_double
symmetry_x_even,49,50,neumann_corrected_tail,omega_up,0.0,0.0,0.0,26.972499740740826,26.972499740740826,36.325965036689574,7.73517509996302e-13,-75.10260472891373,4.532091432057641,4.676732647974374,59.95418769967904,1649.6780814903739,2480.943294026731,-12.820992204969132,-12.822561881283685,-1.141557215443763,-1.1431268917583157,False,True,exploratory_double
symmetry_x_even,49,50,neumann_corrected_tail,square,0.0,0.0,0.0,26.972499740740826,26.972499740740826,36.325965036689574,7.73517509996302e-13,-75.10260472891373,4.532091432057641,4.676732647974374,59.95418769967904,1649.6780814903739,2480.943294026731,-12.820992204969132,-12.822561881283685,-1.141557215443763,-1.1431268917583157,False,True,exploratory_double
signed_xxy,49,50,neumann_corrected_tail,x_only,0.0,0.0,0.0,26.972499740740826,26.972499740740826,36.325965036689574,7.73517509996302e-13,-75.10260472891373,4.532091432057641,4.676732647974374,59.95418769967904,1649.6780814903739,2480.943294026731,-12.820992204969132,-12.822561881283685,-1.141557215443763,-1.1431268917583157,False,True,exploratory_double
signed_xxy,49,50,neumann_corrected_tail,y_only,0.0,0.0,0.0,26.972499740740826,26.972499740740826,36.325965036689574,7.73517509996302e-13,-75.10260472891373,4.532091432057641,4.676732647974374,59.95418769967904,1649.6780814903739,2480.943294026731,-12.820992204969132,-12.822561881283685,-1.141557215443763,-1.1431268917583157,False,True,exploratory_double
signed_xxy,49,50,neumann_corrected_tail,omega_up,0.0,0.0,0.0,26.972499740740826,26.972499740740826,36.325965036689574,7.73517509996302e-13,-75.10260472891373,4.532091432057641,4.676732647974374,59.95418769967904,1649.6780814903739,2480.943294026731,-12.820992204969132,-12.822561881283685,-1.141557215443763,-1.1431268917583157,False,True,exploratory_double
signed_xxy,49,50,neumann_corrected_tail,square,0.0,0.0,0.0,26.972499740740826,26.972499740740826,36.325965036689574,7.73517509996302e-13,-75.10260472891373,4.532091432057641,4.676732647974374,59.95418769967904,1649.6780814903739,2480.943294026731,-12.820992204969132,-12.822561881283685,-1.141557215443763,-1.1431268917583157,False,True,exploratory_double
symmetry_x_even,49,98,neumann_corrected_tail,x_only,0.060621470404398636,0.0,0.060621470404398636,29.730430670184475,29.730430670184475,36.325965036689574,7.73517509996302e-13,-75.10260472891373,3.1957743837705124,3.29776718325255,59.95418769967904,1610.5535978899786,2449.2166607688137,-12.87365411291588,-12.859753151633797,3.552713678800501e-15,0.0139009612820864,True,True,exploratory_double
symmetry_x_even,49,98,neumann_corrected_tail,y_only,0.0,4.7026578227107356e-05,4.7026578227107356e-05,29.615252391291698,29.730430670184475,36.325965036689574,7.73517509996302e-13,-75.10260472891373,3.1957743837705124,3.29776718325255,59.95418769967904,1610.5535978899786,2449.2166607688137,-12.82151436604013,-12.823084103181579,0.0015697371414500338,1.7763568394002505e-15,True,True,exploratory_double
symmetry_x_even,49,98,neumann_corrected_tail,omega_up,0.0004702449767012813,4.702449767012813e-05,0.00047259035273047677,29.615257487026515,29.730430670184475,36.325965036689574,7.73517509996302e-13,-75.10260472891373,3.1957743837705124,3.29776718325255,59.95418769967904,1610.5535978899786,2449.2166607688137,-12.821517533172154,-12.823086340387777,0.0015688072156248012,1.7763568394002505e-15,True,True,exploratory_double
symmetry_x_even,49,98,neumann_corrected_tail,square,4.702655741969583e-05,4.702655741969583e-05,6.650559529465095e-05,29.615252442253556,29.730430670184475,36.325965036689574,7.73517509996302e-13,-75.10260472891373,3.1957743837705124,3.29776718325255,59.95418769967904,1610.5535978899786,2449.2166607688137,-12.821514397714243,-12.823084125555619,0.00156972784137821,1.7763568394002505e-15,True,True,exploratory_double
signed_xxy,49,98,neumann_corrected_tail,x_only,0.060621470404398636,0.0,0.060621470404398636,29.730430670184475,29.730430670184475,36.325965036689574,7.73517509996302e-13,-75.10260472891373,3.1957743837705124,3.29776718325255,59.95418769967904,1610.5535978899786,2449.2166607688137,-12.87365411291588,-12.859753151633797,3.552713678800501e-15,0.0139009612820864,True,True,exploratory_double
signed_xxy,49,98,neumann_corrected_tail,y_only,0.0,0.0019668597663561878,0.0019668597663561878,29.730430670184475,29.730430670184475,36.325965036689574,7.73517509996302e-13,-75.10260472891373,3.1957743837705124,3.29776718325255,59.95418769967904,1610.5535978899786,2449.2166607688137,-12.842849413944837,-12.84441631895507,0.0015669050102342652,1.7763568394002505e-15,True,True,exploratory_double
signed_xxy,49,98,neumann_corrected_tail,omega_up,0.018332833239935172,0.0018332833239935173,0.01842426938440992,29.730430670184475,29.730430670184475,36.325965036689574,7.73517509996302e-13,-75.10260472891373,3.1957743837705124,3.29776718325255,59.95418769967904,1610.5535978899786,2449.2166607688137,-12.846252425400735,-12.846401961534484,0.0001495361337529033,3.552713678800501e-15,True,True,exploratory_double
signed_xxy,49,98,neumann_corrected_tail,square,0.001965322088438637,0.001965322088438637,0.002779385151901336,29.730430670184475,29.730430670184475,36.325965036689574,7.73517509996302e-13,-75.10260472891373,3.1957743837705124,3.29776718325255,59.95418769967904,1610.5535978899786,2449.2166607688137,-12.842888562432952,-12.844439176868423,0.0015506144354784368,7.105427357601002e-15,True,True,exploratory_double
symmetry_x_even,49,101,neumann_corrected_tail,x_only,0.060621470404398636,0.0,0.060621470404398636,29.730430670184475,29.730430670184475,36.325965036689574,7.73517509996302e-13,-75.10260472891373,3.1957743837705124,3.29776718325255,59.95418769967904,1610.5535978899786,2449.2166607688137,-12.87365411291588,-12.859753151633797,3.552713678800501e-15,0.0139009612820864,True,True,exploratory_double
symmetry_x_even,49,101,neumann_corrected_tail,y_only,0.0,4.7026578227107356e-05,4.7026578227107356e-05,29.615252391291698,29.730430670184475,36.325965036689574,7.73517509996302e-13,-75.10260472891373,3.1957743837705124,3.29776718325255,59.95418769967904,1610.5535978899786,2449.2166607688137,-12.82151436604013,-12.823084103181579,0.0015697371414500338,1.7763568394002505e-15,True,True,exploratory_double
symmetry_x_even,49,101,neumann_corrected_tail,omega_up,0.0004702449767012813,4.702449767012813e-05,0.00047259035273047677,29.615257487026515,29.730430670184475,36.325965036689574,7.73517509996302e-13,-75.10260472891373,3.1957743837705124,3.29776718325255,59.95418769967904,1610.5535978899786,2449.2166607688137,-12.821517533172154,-12.823086340387777,0.0015688072156248012,1.7763568394002505e-15,True,True,exploratory_double
symmetry_x_even,49,101,neumann_corrected_tail,square,4.702655741969583e-05,4.702655741969583e-05,6.650559529465095e-05,29.615252442253556,29.730430670184475,36.325965036689574,7.73517509996302e-13,-75.10260472891373,3.1957743837705124,3.29776718325255,59.95418769967904,1610.5535978899786,2449.2166607688137,-12.821514397714243,-12.823084125555619,0.00156972784137821,1.7763568394002505e-15,True,True,exploratory_double
signed_xxy,49,101,neumann_corrected_tail,x_only,0.060621470404398636,0.0,0.060621470404398636,29.730430670184475,29.730430670184475,36.325965036689574,7.73517509996302e-13,-75.10260472891373,3.1957743837705124,3.29776718325255,59.95418769967904,1610.5535978899786,2449.2166607688137,-12.87365411291588,-12.859753151633797,3.552713678800501e-15,0.0139009612820864,True,True,exploratory_double
signed_xxy,49,101,neumann_corrected_tail,y_only,0.0,0.0019668597663561878,0.0019668597663561878,29.730430670184475,29.730430670184475,36.325965036689574,7.73517509996302e-13,-75.10260472891373,3.1957743837705124,3.29776718325255,59.95418769967904,1610.5535978899786,2449.2166607688137,-12.842849413944837,-12.84441631895507,0.0015669050102342652,1.7763568394002505e-15,True,True,exploratory_double
signed_xxy,49,101,neumann_corrected_tail,omega_up,0.018332833239935172,0.0018332833239935173,0.01842426938440992,29.730430670184475,29.730430670184475,36.325965036689574,7.73517509996302e-13,-75.10260472891373,3.1957743837705124,3.29776718325255,59.95418769967904,1610.5535978899786,2449.2166607688137,-12.846252425400735,-12.846401961534484,0.0001495361337529033,3.552713678800501e-15,True,True,exploratory_double
signed_xxy,49,101,neumann_corrected_tail,square,0.001965322088438637,0.001965322088438637,0.002779385151901336,29.730430670184475,29.730430670184475,36.325965036689574,7.73517509996302e-13,-75.10260472891373,3.1957743837705124,3.29776718325255,59.95418769967904,1610.5535978899786,2449.2166607688137,-12.842888562432952,-12.844439176868423,0.0015506144354784368,7.105427357601002e-15,True,True,exploratory_double
symmetry_x_even,49,200,neumann_corrected_tail,x_only,0.2,0.0,0.2,31.898814738009868,31.898814738009868,36.325965036689574,7.73517509996302e-13,-75.10260472891373,2.1451140622468685,2.2135751493398534,59.95418769967904,1579.3348052979636,2423.8792838025224,-13.35789251319255,-13.189512840739116,0.45469944367244963,0.6230791161258828,True,True,exploratory_double
symmetry_x_even,49,200,neumann_corrected_tail,y_only,0.0,0.0009205196962697739,0.0009205196962697739,29.667586115889375,31.898814738009868,36.325965036689574,7.73517509996302e-13,-75.10260472891373,2.1451140622468685,2.2135751493398534,59.95418769967904,1579.3348052979636,2423.8792838025224,-12.8312170863537,-12.83278682398112,0.0015697376274221853,1.7763568394002505e-15,True,True,exploratory_double
symmetry_x_even,49,200,neumann_corrected_tail,omega_up,0.009197107593423208,0.0009197107593423208,0.009242978738796972,29.66954688134973,31.898814738009868,36.325965036689574,7.73517509996302e-13,-75.10260472891373,2.1451140622468685,2.2135751493398534,59.95418769967904,1579.3348052979636,2423.8792838025224,-12.832433481001853,-12.833646958265321,0.0012134772634695423,1.7763568394002505e-15,True,True,exploratory_double
symmetry_x_even,49,200,neumann_corrected_tail,square,0.0009205115909769667,0.0009205115909769667,0.0013017999762812615,29.6676057621407,31.898814738009868,36.325965036689574,7.73517509996302e-13,-75.10260472891373,2.1451140622468685,2.2135751493398534,59.95418769967904,1579.3348052979636,2423.8792838025224,-12.83122927334099,-12.832795442247424,0.0015661689064359052,1.7763568394002505e-15,True,True,exploratory_double
signed_xxy,49,200,neumann_corrected_tail,x_only,0.2,0.0,0.2,31.898814738009868,31.898814738009868,36.325965036689574,7.73517509996302e-13,-75.10260472891373,2.1451140622468685,2.2135751493398534,59.95418769967904,1579.3348052979636,2423.8792838025224,-13.35789251319255,-13.189512840739116,0.45469944367244963,0.6230791161258828,True,True,exploratory_double
signed_xxy,49,200,neumann_corrected_tail,y_only,0.0,0.03642748286391423,0.03642748286391423,31.898814738009868,31.898814738009868,36.325965036689574,7.73517509996302e-13,-75.10260472891373,2.1451140622468685,2.2135751493398534,59.95418769967904,1579.3348052979636,2423.8792838025224,-13.231595193240981,-13.231204312795128,3.552713678800501e-15,0.00039088044585611215,True,True,exploratory_double
signed_xxy,49,200,neumann_corrected_tail,omega_up,0.18265444889467625,0.018265444889467627,0.18356544930358784,31.898814738009868,31.898814738009868,36.325965036689574,7.73517509996302e-13,-75.10260472891373,2.1451140622468685,2.2135751493398534,59.95418769967904,1579.3348052979636,2423.8792838025224,-13.52126893554677,-13.376021856584744,1.7763568394002505e-15,0.1452470789620275,True,True,exploratory_double
signed_xxy,49,200,neumann_corrected_tail,square,0.035631856766653085,0.035631856766653085,0.05039105509193633,31.898814738009868,31.898814738009868,36.325965036689574,7.73517509996302e-13,-75.10260472891373,2.1451140622468685,2.2135751493398534,59.95418769967904,1579.3348052979636,2423.8792838025224,-13.244284957979612,-13.238304362711657,1.7763568394002505e-15,0.005980595267956801,True,True,exploratory_double
symmetry_x_even,51,,tail_ignored,x_only,0.2,0.0,0.2,36.324237337842554,36.324237337842554,36.324237337842554,7.3621555241082e-13,-75.12436434676357,0.0,0.0,59.95335056724801,1514.2689481483148,1930.612621424374,-13.35789251319255,-13.189512840739116,2.3709636406408894,2.5393433130943226,True,True,exploratory_double
symmetry_x_even,51,,tail_ignored,y_only,0.0,0.003371557848206289,0.003371557848206289,29.81506520223309,36.324237337842554,36.324237337842554,7.3621555241082e-13,-75.12436434676357,0.0,0.0,59.95335056724801,1514.2689481483148,1930.612621424374,-12.858482119709661,-12.86004033177295,0.0015582120632906538,1.7763568394002505e-15,True,True,exploratory_double
symmetry_x_even,51,,tail_ignored,omega_up,0.033542008412244535,0.0033542008412244537,0.033709301262564814,29.84857485898237,36.324237337842554,36.324237337842554,7.3621555241082e-13,-75.12436434676357,0.0,0.0,59.95335056724801,1514.2689481483148,1930.612621424374,-12.874752989869448,-12.87155121667839,1.7763568394002505e-15,0.0032017731910602976,True,True,exploratory_double
symmetry_x_even,51,,tail_ignored,square,0.003371419738234527,0.003371419738234527,0.004767907518263618,29.81533183908772,36.324237337842554,36.324237337842554,7.3621555241082e-13,-75.12436434676357,0.0,0.0,59.95335056724801,1514.2689481483148,1930.612621424374,-12.858647260528022,-12.860157398324327,0.0015101377963073759,1.7763568394002505e-15,True,True,exploratory_double
signed_xxy,51,,tail_ignored,x_only,0.2,0.0,0.2,36.324237337842554,36.324237337842554,36.324237337842554,7.3621555241082e-13,-75.12436434676357,0.0,0.0,59.95335056724801,1514.2689481483148,1930.612621424374,-13.35789251319255,-13.189512840739116,2.3709636406408894,2.5393433130943226,True,True,exploratory_double
signed_xxy,51,,tail_ignored,y_only,0.0,0.09797982353788119,0.09797982353788119,36.324237337842554,36.324237337842554,36.324237337842554,7.3621555241082e-13,-75.12436434676357,0.0,0.0,59.95335056724801,1514.2689481483148,1930.612621424374,-13.94933497157847,-13.934427389958307,5.329070518200751e-15,0.014907581620168031,True,True,exploratory_double
signed_xxy,51,,tail_ignored,omega_up,0.2,0.020000000000000004,0.2009975124224178,36.324237337842554,36.324237337842554,36.324237337842554,7.3621555241082e-13,-75.12436434676357,0.0,0.0,59.95335056724801,1514.2689481483148,1930.612621424374,-13.637399066293009,-13.462063407637975,1.7282147141620054,1.9035503728170386,True,True,exploratory_double
signed_xxy,51,,tail_ignored,square,0.09169461229243608,0.09169461229243608,0.1296757643005058,36.324237337842554,36.324237337842554,36.324237337842554,7.3621555241082e-13,-75.12436434676357,0.0,0.0,59.95335056724801,1514.2689481483148,1930.612621424374,-14.063487724077486,-14.009294979276874,1.7763568394002505e-15,0.054192744800614534,True,True,exploratory_double
symmetry_x_even,51,29,neumann_corrected_tail,x_only,0.0,0.0,0.0,24.478403976130693,24.478403976130693,36.324237337842554,7.3621555241082e-13,-75.12436434676357,5.750404544520322,5.9229166808559315,59.95335056724801,1684.1492896708178,2507.3040849571566,-12.820992204969132,-12.822561881283685,-2.2215323612555373,-2.22310203757009,False,True,exploratory_double
symmetry_x_even,51,29,neumann_corrected_tail,y_only,0.0,0.0,0.0,24.478403976130693,24.478403976130693,36.324237337842554,7.3621555241082e-13,-75.12436434676357,5.750404544520322,5.9229166808559315,59.95335056724801,1684.1492896708178,2507.3040849571566,-12.820992204969132,-12.822561881283685,-2.2215323612555373,-2.22310203757009,False,True,exploratory_double
symmetry_x_even,51,29,neumann_corrected_tail,omega_up,0.0,0.0,0.0,24.478403976130693,24.478403976130693,36.324237337842554,7.3621555241082e-13,-75.12436434676357,5.750404544520322,5.9229166808559315,59.95335056724801,1684.1492896708178,2507.3040849571566,-12.820992204969132,-12.822561881283685,-2.2215323612555373,-2.22310203757009,False,True,exploratory_double
symmetry_x_even,51,29,neumann_corrected_tail,square,0.0,0.0,0.0,24.478403976130693,24.478403976130693,36.324237337842554,7.3621555241082e-13,-75.12436434676357,5.750404544520322,5.9229166808559315,59.95335056724801,1684.1492896708178,2507.3040849571566,-12.820992204969132,-12.822561881283685,-2.2215323612555373,-2.22310203757009,False,True,exploratory_double
signed_xxy,51,29,neumann_corrected_tail,x_only,0.0,0.0,0.0,24.478403976130693,24.478403976130693,36.324237337842554,7.3621555241082e-13,-75.12436434676357,5.750404544520322,5.9229166808559315,59.95335056724801,1684.1492896708178,2507.3040849571566,-12.820992204969132,-12.822561881283685,-2.2215323612555373,-2.22310203757009,False,True,exploratory_double
signed_xxy,51,29,neumann_corrected_tail,y_only,0.0,0.0,0.0,24.478403976130693,24.478403976130693,36.324237337842554,7.3621555241082e-13,-75.12436434676357,5.750404544520322,5.9229166808559315,59.95335056724801,1684.1492896708178,2507.3040849571566,-12.820992204969132,-12.822561881283685,-2.2215323612555373,-2.22310203757009,False,True,exploratory_double
signed_xxy,51,29,neumann_corrected_tail,omega_up,0.0,0.0,0.0,24.478403976130693,24.478403976130693,36.324237337842554,7.3621555241082e-13,-75.12436434676357,5.750404544520322,5.9229166808559315,59.95335056724801,1684.1492896708178,2507.3040849571566,-12.820992204969132,-12.822561881283685,-2.2215323612555373,-2.22310203757009,False,True,exploratory_double
signed_xxy,51,29,neumann_corrected_tail,square,0.0,0.0,0.0,24.478403976130693,24.478403976130693,36.324237337842554,7.3621555241082e-13,-75.12436434676357,5.750404544520322,5.9229166808559315,59.95335056724801,1684.1492896708178,2507.3040849571566,-12.820992204969132,-12.822561881283685,-2.2215323612555373,-2.22310203757009,False,True,exploratory_double
symmetry_x_even,51,31,neumann_corrected_tail,x_only,0.0,0.0,0.0,24.478403976130693,24.478403976130693,36.324237337842554,7.3621555241082e-13,-75.12436434676357,5.750404544520322,5.9229166808559315,59.95335056724801,1684.1492896708178,2507.3040849571566,-12.820992204969132,-12.822561881283685,-2.2215323612555373,-2.22310203757009,False,True,exploratory_double
symmetry_x_even,51,31,neumann_corrected_tail,y_only,0.0,0.0,0.0,24.478403976130693,24.478403976130693,36.324237337842554,7.3621555241082e-13,-75.12436434676357,5.750404544520322,5.9229166808559315,59.95335056724801,1684.1492896708178,2507.3040849571566,-12.820992204969132,-12.822561881283685,-2.2215323612555373,-2.22310203757009,False,True,exploratory_double
symmetry_x_even,51,31,neumann_corrected_tail,omega_up,0.0,0.0,0.0,24.478403976130693,24.478403976130693,36.324237337842554,7.3621555241082e-13,-75.12436434676357,5.750404544520322,5.9229166808559315,59.95335056724801,1684.1492896708178,2507.3040849571566,-12.820992204969132,-12.822561881283685,-2.2215323612555373,-2.22310203757009,False,True,exploratory_double
symmetry_x_even,51,31,neumann_corrected_tail,square,0.0,0.0,0.0,24.478403976130693,24.478403976130693,36.324237337842554,7.3621555241082e-13,-75.12436434676357,5.750404544520322,5.9229166808559315,59.95335056724801,1684.1492896708178,2507.3040849571566,-12.820992204969132,-12.822561881283685,-2.2215323612555373,-2.22310203757009,False,True,exploratory_double
signed_xxy,51,31,neumann_corrected_tail,x_only,0.0,0.0,0.0,24.478403976130693,24.478403976130693,36.324237337842554,7.3621555241082e-13,-75.12436434676357,5.750404544520322,5.9229166808559315,59.95335056724801,1684.1492896708178,2507.3040849571566,-12.820992204969132,-12.822561881283685,-2.2215323612555373,-2.22310203757009,False,True,exploratory_double
signed_xxy,51,31,neumann_corrected_tail,y_only,0.0,0.0,0.0,24.478403976130693,24.478403976130693,36.324237337842554,7.3621555241082e-13,-75.12436434676357,5.750404544520322,5.9229166808559315,59.95335056724801,1684.1492896708178,2507.3040849571566,-12.820992204969132,-12.822561881283685,-2.2215323612555373,-2.22310203757009,False,True,exploratory_double
signed_xxy,51,31,neumann_corrected_tail,omega_up,0.0,0.0,0.0,24.478403976130693,24.478403976130693,36.324237337842554,7.3621555241082e-13,-75.12436434676357,5.750404544520322,5.9229166808559315,59.95335056724801,1684.1492896708178,2507.3040849571566,-12.820992204969132,-12.822561881283685,-2.2215323612555373,-2.22310203757009,False,True,exploratory_double
signed_xxy,51,31,neumann_corrected_tail,square,0.0,0.0,0.0,24.478403976130693,24.478403976130693,36.324237337842554,7.3621555241082e-13,-75.12436434676357,5.750404544520322,5.9229166808559315,59.95335056724801,1684.1492896708178,2507.3040849571566,-12.820992204969132,-12.822561881283685,-2.2215323612555373,-2.22310203757009,False,True,exploratory_double
symmetry_x_even,51,50,neumann_corrected_tail,x_only,0.0,0.0,0.0,26.989853480611735,26.989853480611735,36.324237337842554,7.3621555241082e-13,-75.12436434676357,4.53125429962661,4.667191928615408,59.95335056724801,1649.1300587148753,2478.9414645325455,-12.820992204969132,-12.822561881283685,-1.1340428256543245,-1.1356125019688772,False,True,exploratory_double
symmetry_x_even,51,50,neumann_corrected_tail,y_only,0.0,0.0,0.0,26.989853480611735,26.989853480611735,36.324237337842554,7.3621555241082e-13,-75.12436434676357,4.53125429962661,4.667191928615408,59.95335056724801,1649.1300587148753,2478.9414645325455,-12.820992204969132,-12.822561881283685,-1.1340428256543245,-1.1356125019688772,False,True,exploratory_double
symmetry_x_even,51,50,neumann_corrected_tail,omega_up,0.0,0.0,0.0,26.989853480611735,26.989853480611735,36.324237337842554,7.3621555241082e-13,-75.12436434676357,4.53125429962661,4.667191928615408,59.95335056724801,1649.1300587148753,2478.9414645325455,-12.820992204969132,-12.822561881283685,-1.1340428256543245,-1.1356125019688772,False,True,exploratory_double
symmetry_x_even,51,50,neumann_corrected_tail,square,0.0,0.0,0.0,26.989853480611735,26.989853480611735,36.324237337842554,7.3621555241082e-13,-75.12436434676357,4.53125429962661,4.667191928615408,59.95335056724801,1649.1300587148753,2478.9414645325455,-12.820992204969132,-12.822561881283685,-1.1340428256543245,-1.1356125019688772,False,True,exploratory_double
signed_xxy,51,50,neumann_corrected_tail,x_only,0.0,0.0,0.0,26.989853480611735,26.989853480611735,36.324237337842554,7.3621555241082e-13,-75.12436434676357,4.53125429962661,4.667191928615408,59.95335056724801,1649.1300587148753,2478.9414645325455,-12.820992204969132,-12.822561881283685,-1.1340428256543245,-1.1356125019688772,False,True,exploratory_double
signed_xxy,51,50,neumann_corrected_tail,y_only,0.0,0.0,0.0,26.989853480611735,26.989853480611735,36.324237337842554,7.3621555241082e-13,-75.12436434676357,4.53125429962661,4.667191928615408,59.95335056724801,1649.1300587148753,2478.9414645325455,-12.820992204969132,-12.822561881283685,-1.1340428256543245,-1.1356125019688772,False,True,exploratory_double
signed_xxy,51,50,neumann_corrected_tail,omega_up,0.0,0.0,0.0,26.989853480611735,26.989853480611735,36.324237337842554,7.3621555241082e-13,-75.12436434676357,4.53125429962661,4.667191928615408,59.95335056724801,1649.1300587148753,2478.9414645325455,-12.820992204969132,-12.822561881283685,-1.1340428256543245,-1.1356125019688772,False,True,exploratory_double
signed_xxy,51,50,neumann_corrected_tail,square,0.0,0.0,0.0,26.989853480611735,26.989853480611735,36.324237337842554,7.3621555241082e-13,-75.12436434676357,4.53125429962661,4.667191928615408,59.95335056724801,1649.1300587148753,2478.9414645325455,-12.820992204969132,-12.822561881283685,-1.1340428256543245,-1.1356125019688772,False,True,exploratory_double
symmetry_x_even,51,98,neumann_corrected_tail,x_only,0.06361900045133055,0.0,0.06361900045133055,29.742666600083222,29.742666600083222,36.324237337842554,7.3621555241082e-13,-75.12436434676357,3.194937251339482,3.2907853688796664,59.95335056724801,1610.1615858471562,2447.3523344409314,-12.878952425981502,-12.863481776750579,1.7763568394002505e-15,0.01547064923092556,True,True,exploratory_double
symmetry_x_even,51,98,neumann_corrected_tail,y_only,0.0,5.194186611653263e-05,5.194186611653263e-05,29.61554655278771,29.742666600083222,36.324237337842554,7.3621555241082e-13,-75.12436434676357,3.194937251339482,3.2907853688796664,59.95335056724801,1610.1615858471562,2447.3523344409314,-12.821568944319162,-12.823138687460398,0.0015697431412373675,1.7763568394002505e-15,True,True,exploratory_double
symmetry_x_even,51,98,neumann_corrected_tail,omega_up,0.000519393259495836,5.19393259495836e-05,0.0005219837656381718,29.615552769471222,29.742666600083222,36.324237337842554,7.3621555241082e-13,-75.12436434676357,3.194937251339482,3.2907853688796664,59.95335056724801,1610.1615858471562,2447.3523344409314,-12.821572808153407,-12.823141416816094,0.0015686086626889306,1.7763568394002505e-15,True,True,exploratory_double
symmetry_x_even,51,98,neumann_corrected_tail,square,5.194184071238839e-05,5.194184071238839e-05,7.345685559008264e-05,29.6155466149606,29.742666600083222,36.324237337842554,7.3621555241082e-13,-75.12436434676357,3.194937251339482,3.2907853688796664,59.95335056724801,1610.1615858471562,2447.3523344409314,-12.821568982961264,-12.823138714756615,0.0015697317953531353,1.7763568394002505e-15,True,True,exploratory_double
signed_xxy,51,98,neumann_corrected_tail,x_only,0.06361900045133055,0.0,0.06361900045133055,29.742666600083222,29.742666600083222,36.324237337842554,7.3621555241082e-13,-75.12436434676357,3.194937251339482,3.2907853688796664,59.95335056724801,1610.1615858471562,2447.3523344409314,-12.878952425981502,-12.863481776750579,1.7763568394002505e-15,0.01547064923092556,True,True,exploratory_double
signed_xxy,51,98,neumann_corrected_tail,y_only,0.0,0.0021702565054246277,0.0021702565054246277,29.742666600083222,29.742666600083222,36.324237337842554,7.3621555241082e-13,-75.12436434676357,3.194937251339482,3.2907853688796664,59.95335056724801,1610.1615858471562,2447.3523344409314,-12.845111823885631,-12.84667781814275,0.001565994257120451,1.7763568394002505e-15,True,True,exploratory_double
signed_xxy,51,98,neumann_corrected_tail,omega_up,0.020053222431130443,0.0020053222431130444,0.020153239123553244,29.742666600083222,29.742666600083222,36.324237337842554,7.3621555241082e-13,-75.12436434676357,3.194937251339482,3.2907853688796664,59.95335056724801,1610.1615858471562,2447.3523344409314,-12.849130610530182,-12.849000304234814,1.7763568394002505e-15,0.00013030629536991967,True,True,exploratory_double
signed_xxy,51,98,neumann_corrected_tail,square,0.002168382843401983,0.002168382843401983,0.00306655642555622,29.742666600083222,29.742666600083222,36.324237337842554,7.3621555241082e-13,-75.12436434676357,3.194937251339482,3.2907853688796664,59.95335056724801,1610.1615858471562,2447.3523344409314,-12.845159524449963,-12.846705681995177,0.001546157545218918,5.329070518200751e-15,True,True,exploratory_double
symmetry_x_even,51,101,neumann_corrected_tail,x_only,0.06361900045133055,0.0,0.06361900045133055,29.742666600083222,29.742666600083222,36.324237337842554,7.3621555241082e-13,-75.12436434676357,3.194937251339482,3.2907853688796664,59.95335056724801,1610.1615858471562,2447.3523344409314,-12.878952425981502,-12.863481776750579,1.7763568394002505e-15,0.01547064923092556,True,True,exploratory_double
symmetry_x_even,51,101,neumann_corrected_tail,y_only,0.0,5.194186611653263e-05,5.194186611653263e-05,29.61554655278771,29.742666600083222,36.324237337842554,7.3621555241082e-13,-75.12436434676357,3.194937251339482,3.2907853688796664,59.95335056724801,1610.1615858471562,2447.3523344409314,-12.821568944319162,-12.823138687460398,0.0015697431412373675,1.7763568394002505e-15,True,True,exploratory_double
symmetry_x_even,51,101,neumann_corrected_tail,omega_up,0.000519393259495836,5.19393259495836e-05,0.0005219837656381718,29.615552769471222,29.742666600083222,36.324237337842554,7.3621555241082e-13,-75.12436434676357,3.194937251339482,3.2907853688796664,59.95335056724801,1610.1615858471562,2447.3523344409314,-12.821572808153407,-12.823141416816094,0.0015686086626889306,1.7763568394002505e-15,True,True,exploratory_double
symmetry_x_even,51,101,neumann_corrected_tail,square,5.194184071238839e-05,5.194184071238839e-05,7.345685559008264e-05,29.6155466149606,29.742666600083222,36.324237337842554,7.3621555241082e-13,-75.12436434676357,3.194937251339482,3.2907853688796664,59.95335056724801,1610.1615858471562,2447.3523344409314,-12.821568982961264,-12.823138714756615,0.0015697317953531353,1.7763568394002505e-15,True,True,exploratory_double
signed_xxy,51,101,neumann_corrected_tail,x_only,0.06361900045133055,0.0,0.06361900045133055,29.742666600083222,29.742666600083222,36.324237337842554,7.3621555241082e-13,-75.12436434676357,3.194937251339482,3.2907853688796664,59.95335056724801,1610.1615858471562,2447.3523344409314,-12.878952425981502,-12.863481776750579,1.7763568394002505e-15,0.01547064923092556,True,True,exploratory_double
signed_xxy,51,101,neumann_corrected_tail,y_only,0.0,0.0021702565054246277,0.0021702565054246277,29.742666600083222,29.742666600083222,36.324237337842554,7.3621555241082e-13,-75.12436434676357,3.194937251339482,3.2907853688796664,59.95335056724801,1610.1615858471562,2447.3523344409314,-12.845111823885631,-12.84667781814275,0.001565994257120451,1.7763568394002505e-15,True,True,exploratory_double
signed_xxy,51,101,neumann_corrected_tail,omega_up,0.020053222431130443,0.0020053222431130444,0.020153239123553244,29.742666600083222,29.742666600083222,36.324237337842554,7.3621555241082e-13,-75.12436434676357,3.194937251339482,3.2907853688796664,59.95335056724801,1610.1615858471562,2447.3523344409314,-12.849130610530182,-12.849000304234814,1.7763568394002505e-15,0.00013030629536991967,True,True,exploratory_double
signed_xxy,51,101,neumann_corrected_tail,square,0.002168382843401983,0.002168382843401983,0.00306655642555622,29.742666600083222,29.742666600083222,36.324237337842554,7.3621555241082e-13,-75.12436434676357,3.194937251339482,3.2907853688796664,59.95335056724801,1610.1615858471562,2447.3523344409314,-12.845159524449963,-12.846705681995177,0.001546157545218918,5.329070518200751e-15,True,True,exploratory_double
symmetry_x_even,51,200,neumann_corrected_tail,x_only,0.2,0.0,0.2,31.907026862421926,31.907026862421926,36.324237337842554,7.3621555241082e-13,-75.12436434676357,2.144276929815838,2.2086052377103136,59.95335056724801,1579.0685666033332,2422.125866284467,-13.35789251319255,-13.189512840739116,0.45825539785238867,0.6266350703058219,True,True,exploratory_double
symmetry_x_even,51,200,neumann_corrected_tail,y_only,0.0,0.0009244785026767061,0.0009244785026767061,29.667823568264744,31.907026862421926,36.324237337842554,7.3621555241082e-13,-75.12436434676357,2.144276929815838,2.2086052377103136,59.95335056724801,1579.0685666033332,2422.125866284467,-12.831261077259754,-12.832830810000944,0.001569732741192098,1.7763568394002505e-15,True,True,exploratory_double
symmetry_x_even,51,200,neumann_corrected_tail,omega_up,0.009236620017630313,0.0009236620017630314,0.00928268823367401,29.6698012362476,31.907026862421926,36.324237337842554,7.3621555241082e-13,-75.12436434676357,2.144276929815838,2.2086052377103136,59.95335056724801,1579.0685666033332,2422.125866284467,-12.83248796175656,-12.833698363911788,0.0012104021552303834,1.7763568394002505e-15,True,True,exploratory_double
symmetry_x_even,51,200,neumann_corrected_tail,square,0.0009244703215075666,0.0009244703215075666,0.0013073984666874163,29.667843384086133,31.907026862421926,36.324237337842554,7.3621555241082e-13,-75.12436434676357,2.144276929815838,2.2086052377103136,59.95335056724801,1579.0685666033332,2422.125866284467,-12.831273369467953,-12.832839502702477,0.0015661332345260348,1.7763568394002505e-15,True,True,exploratory_double
signed_xxy,51,200,neumann_corrected_tail,x_only,0.2,0.0,0.2,31.907026862421926,31.907026862421926,36.324237337842554,7.3621555241082e-13,-75.12436434676357,2.144276929815838,2.2086052377103136,59.95335056724801,1579.0685666033332,2422.125866284467,-13.35789251319255,-13.189512840739116,0.45825539785238867,0.6266350703058219,True,True,exploratory_double
signed_xxy,51,200,neumann_corrected_tail,y_only,0.0,0.036551862778249344,0.036551862778249344,31.907026862421926,31.907026862421926,36.324237337842554,7.3621555241082e-13,-75.12436434676357,2.144276929815838,2.2086052377103136,59.95335056724801,1579.0685666033332,2422.125866284467,-13.233017277276355,-13.232612276317155,3.552713678800501e-15,0.00040500095920315005,True,True,exploratory_double
signed_xxy,51,200,neumann_corrected_tail,omega_up,0.18308559089748766,0.018308559089748766,0.1839987416539174,31.907026862421926,31.907026862421926,36.324237337842554,7.3621555241082e-13,-75.12436434676357,2.144276929815838,2.2086052377103136,59.95335056724801,1579.0685666033332,2422.125866284467,-13.52406206770051,-13.378102977792198,1.7763568394002505e-15,0.14595908990831497,True,True,exploratory_double
signed_xxy,51,200,neumann_corrected_tail,square,0.03575061450292354,0.03575061450292354,0.05055900389320674,31.907026862421926,31.907026862421926,36.324237337842554,7.3621555241082e-13,-75.12436434676357,2.144276929815838,2.2086052377103136,59.95335056724801,1579.0685666033332,2422.125866284467,-13.245800002398498,-13.239767159720392,5.329070518200751e-15,0.00603284267811155,True,True,exploratory_double
symmetry_x_even,99,,tail_ignored,x_only,0.2,0.0,0.2,36.27540007259375,36.27540007259375,36.27540007259375,6.882875780575178e-13,-75.15885636074066,0.0,0.0,59.929521177974095,1514.9912266937772,1931.394082846672,-13.35789251319255,-13.189512840739116,2.349816484462478,2.518196156915911,True,True,exploratory_double
symmetry_x_even,99,,tail_ignored,y_only,0.0,0.0033457152710447005,0.0033457152710447005,29.813505395208264,36.27540007259375,36.27540007259375,6.882875780575178e-13,-75.15885636074066,0.0,0.0,59.929521177974095,1514.9912266937772,1931.394082846672,-12.858194351054804,-12.859752773915325,0.001558422860522768,1.7763568394002505e-15,True,True,exploratory_double
symmetry_x_even,99,,tail_ignored,omega_up,0.03328658344188004,0.0033286583441880045,0.03345260234429565,29.846449042810836,36.27540007259375,36.27540007259375,6.882875780575178e-13,-75.15885636074066,0.0,0.0,59.929521177974095,1514.9912266937772,1931.394082846672,-12.874217226090593,-12.871088114484847,1.7763568394002505e-15,0.003129111605748136,True,True,exploratory_double
symmetry_x_even,99,,tail_ignored,square,0.0033455793489446484,0.0033455793489446484,0.004731363689272871,29.813767914348034,36.27540007259375,36.27540007259375,6.882875780575178e-13,-75.15885636074066,0.0,0.0,59.929521177974095,1514.9912266937772,1931.394082846672,-12.858356950245183,-12.859868035055161,0.00151108480998019,1.7763568394002505e-15,True,True,exploratory_double
signed_xxy,99,,tail_ignored,x_only,0.2,0.0,0.2,36.27540007259375,36.27540007259375,36.27540007259375,6.882875780575178e-13,-75.15885636074066,0.0,0.0,59.929521177974095,1514.9912266937772,1931.394082846672,-13.35789251319255,-13.189512840739116,2.349816484462478,2.518196156915911,True,True,exploratory_double
signed_xxy,99,,tail_ignored,y_only,0.0,0.09735443867766096,0.09735443867766096,36.27540007259375,36.27540007259375,36.27540007259375,6.882875780575178e-13,-75.15885636074066,0.0,0.0,59.929521177974095,1514.9912266937772,1931.394082846672,-13.941923391717554,-13.927248621233888,1.7763568394002505e-15,0.014674770483667388,True,True,exploratory_double
signed_xxy,99,,tail_ignored,omega_up,0.2,0.020000000000000004,0.2009975124224178,36.27540007259375,36.27540007259375,36.27540007259375,6.882875780575178e-13,-75.15885636074066,0.0,0.0,59.929521177974095,1514.9912266937772,1931.394082846672,-13.637399066293009,-13.462063407637975,1.7075559306360795,1.8828915892911127,True,True,exploratory_double
signed_xxy,99,,tail_ignored,square,0.09115338376682096,0.09115338376682096,0.12891035157923772,36.27540007259375,36.27540007259375,36.27540007259375,6.882875780575178e-13,-75.15885636074066,0.0,0.0,59.929521177974095,1514.9912266937772,1931.394082846672,-14.054396265598971,-14.000917736772431,5.329070518200751e-15,0.05347852882654536,True,True,exploratory_double
symmetry_x_even,99,29,neumann_corrected_tail,x_only,0.0,0.0,0.0,24.63752153128653,24.63752153128653,36.27540007259375,6.882875780575178e-13,-75.15885636074066,5.726575155246408,5.818939270653608,59.929521177974095,1679.224851514667,2491.9919472810607,-12.820992204969132,-12.822561881283685,-2.1526324387790226,-2.1542021150935753,False,True,exploratory_double
symmetry_x_even,99,29,neumann_corrected_tail,y_only,0.0,0.0,0.0,24.63752153128653,24.63752153128653,36.27540007259375,6.882875780575178e-13,-75.15885636074066,5.726575155246408,5.818939270653608,59.929521177974095,1679.224851514667,2491.9919472810607,-12.820992204969132,-12.822561881283685,-2.1526324387790226,-2.1542021150935753,False,True,exploratory_double
symmetry_x_even,99,29,neumann_corrected_tail,omega_up,0.0,0.0,0.0,24.63752153128653,24.63752153128653,36.27540007259375,6.882875780575178e-13,-75.15885636074066,5.726575155246408,5.818939270653608,59.929521177974095,1679.224851514667,2491.9919472810607,-12.820992204969132,-12.822561881283685,-2.1526324387790226,-2.1542021150935753,False,True,exploratory_double
symmetry_x_even,99,29,neumann_corrected_tail,square,0.0,0.0,0.0,24.63752153128653,24.63752153128653,36.27540007259375,6.882875780575178e-13,-75.15885636074066,5.726575155246408,5.818939270653608,59.929521177974095,1679.224851514667,2491.9919472810607,-12.820992204969132,-12.822561881283685,-2.1526324387790226,-2.1542021150935753,False,True,exploratory_double
signed_xxy,99,29,neumann_corrected_tail,x_only,0.0,0.0,0.0,24.63752153128653,24.63752153128653,36.27540007259375,6.882875780575178e-13,-75.15885636074066,5.726575155246408,5.818939270653608,59.929521177974095,1679.224851514667,2491.9919472810607,-12.820992204969132,-12.822561881283685,-2.1526324387790226,-2.1542021150935753,False,True,exploratory_double
signed_xxy,99,29,neumann_corrected_tail,y_only,0.0,0.0,0.0,24.63752153128653,24.63752153128653,36.27540007259375,6.882875780575178e-13,-75.15885636074066,5.726575155246408,5.818939270653608,59.929521177974095,1679.224851514667,2491.9919472810607,-12.820992204969132,-12.822561881283685,-2.1526324387790226,-2.1542021150935753,False,True,exploratory_double
signed_xxy,99,29,neumann_corrected_tail,omega_up,0.0,0.0,0.0,24.63752153128653,24.63752153128653,36.27540007259375,6.882875780575178e-13,-75.15885636074066,5.726575155246408,5.818939270653608,59.929521177974095,1679.224851514667,2491.9919472810607,-12.820992204969132,-12.822561881283685,-2.1526324387790226,-2.1542021150935753,False,True,exploratory_double
signed_xxy,99,29,neumann_corrected_tail,square,0.0,0.0,0.0,24.63752153128653,24.63752153128653,36.27540007259375,6.882875780575178e-13,-75.15885636074066,5.726575155246408,5.818939270653608,59.929521177974095,1679.224851514667,2491.9919472810607,-12.820992204969132,-12.822561881283685,-2.1526324387790226,-2.1542021150935753,False,True,exploratory_double
symmetry_x_even,99,31,neumann_corrected_tail,x_only,0.0,0.0,0.0,24.63752153128653,24.63752153128653,36.27540007259375,6.882875780575178e-13,-75.15885636074066,5.726575155246408,5.818939270653608,59.929521177974095,1679.224851514667,2491.9919472810607,-12.820992204969132,-12.822561881283685,-2.1526324387790226,-2.1542021150935753,False,True,exploratory_double
symmetry_x_even,99,31,neumann_corrected_tail,y_only,0.0,0.0,0.0,24.63752153128653,24.63752153128653,36.27540007259375,6.882875780575178e-13,-75.15885636074066,5.726575155246408,5.818939270653608,59.929521177974095,1679.224851514667,2491.9919472810607,-12.820992204969132,-12.822561881283685,-2.1526324387790226,-2.1542021150935753,False,True,exploratory_double
symmetry_x_even,99,31,neumann_corrected_tail,omega_up,0.0,0.0,0.0,24.63752153128653,24.63752153128653,36.27540007259375,6.882875780575178e-13,-75.15885636074066,5.726575155246408,5.818939270653608,59.929521177974095,1679.224851514667,2491.9919472810607,-12.820992204969132,-12.822561881283685,-2.1526324387790226,-2.1542021150935753,False,True,exploratory_double
symmetry_x_even,99,31,neumann_corrected_tail,square,0.0,0.0,0.0,24.63752153128653,24.63752153128653,36.27540007259375,6.882875780575178e-13,-75.15885636074066,5.726575155246408,5.818939270653608,59.929521177974095,1679.224851514667,2491.9919472810607,-12.820992204969132,-12.822561881283685,-2.1526324387790226,-2.1542021150935753,False,True,exploratory_double
signed_xxy,99,31,neumann_corrected_tail,x_only,0.0,0.0,0.0,24.63752153128653,24.63752153128653,36.27540007259375,6.882875780575178e-13,-75.15885636074066,5.726575155246408,5.818939270653608,59.929521177974095,1679.224851514667,2491.9919472810607,-12.820992204969132,-12.822561881283685,-2.1526324387790226,-2.1542021150935753,False,True,exploratory_double
signed_xxy,99,31,neumann_corrected_tail,y_only,0.0,0.0,0.0,24.63752153128653,24.63752153128653,36.27540007259375,6.882875780575178e-13,-75.15885636074066,5.726575155246408,5.818939270653608,59.929521177974095,1679.224851514667,2491.9919472810607,-12.820992204969132,-12.822561881283685,-2.1526324387790226,-2.1542021150935753,False,True,exploratory_double
signed_xxy,99,31,neumann_corrected_tail,omega_up,0.0,0.0,0.0,24.63752153128653,24.63752153128653,36.27540007259375,6.882875780575178e-13,-75.15885636074066,5.726575155246408,5.818939270653608,59.929521177974095,1679.224851514667,2491.9919472810607,-12.820992204969132,-12.822561881283685,-2.1526324387790226,-2.1542021150935753,False,True,exploratory_double
signed_xxy,99,31,neumann_corrected_tail,square,0.0,0.0,0.0,24.63752153128653,24.63752153128653,36.27540007259375,6.882875780575178e-13,-75.15885636074066,5.726575155246408,5.818939270653608,59.929521177974095,1679.224851514667,2491.9919472810607,-12.820992204969132,-12.822561881283685,-2.1526324387790226,-2.1542021150935753,False,True,exploratory_double
symmetry_x_even,99,50,neumann_corrected_tail,x_only,0.0,0.0,0.0,27.115149448328587,27.115149448328587,36.27540007259375,6.882875780575178e-13,-75.15885636074066,4.507424910352697,4.580125312132579,59.929521177974095,1645.2040211112728,2464.5061247581593,-12.820992204969132,-12.822561881283685,-1.0797880801370514,-1.0813577564516041,False,True,exploratory_double
symmetry_x_even,99,50,neumann_corrected_tail,y_only,0.0,0.0,0.0,27.115149448328587,27.115149448328587,36.27540007259375,6.882875780575178e-13,-75.15885636074066,4.507424910352697,4.580125312132579,59.929521177974095,1645.2040211112728,2464.5061247581593,-12.820992204969132,-12.822561881283685,-1.0797880801370514,-1.0813577564516041,False,True,exploratory_double
symmetry_x_even,99,50,neumann_corrected_tail,omega_up,0.0,0.0,0.0,27.115149448328587,27.115149448328587,36.27540007259375,6.882875780575178e-13,-75.15885636074066,4.507424910352697,4.580125312132579,59.929521177974095,1645.2040211112728,2464.5061247581593,-12.820992204969132,-12.822561881283685,-1.0797880801370514,-1.0813577564516041,False,True,exploratory_double
symmetry_x_even,99,50,neumann_corrected_tail,square,0.0,0.0,0.0,27.115149448328587,27.115149448328587,36.27540007259375,6.882875780575178e-13,-75.15885636074066,4.507424910352697,4.580125312132579,59.929521177974095,1645.2040211112728,2464.5061247581593,-12.820992204969132,-12.822561881283685,-1.0797880801370514,-1.0813577564516041,False,True,exploratory_double
signed_xxy,99,50,neumann_corrected_tail,x_only,0.0,0.0,0.0,27.115149448328587,27.115149448328587,36.27540007259375,6.882875780575178e-13,-75.15885636074066,4.507424910352697,4.580125312132579,59.929521177974095,1645.2040211112728,2464.5061247581593,-12.820992204969132,-12.822561881283685,-1.0797880801370514,-1.0813577564516041,False,True,exploratory_double
signed_xxy,99,50,neumann_corrected_tail,y_only,0.0,0.0,0.0,27.115149448328587,27.115149448328587,36.27540007259375,6.882875780575178e-13,-75.15885636074066,4.507424910352697,4.580125312132579,59.929521177974095,1645.2040211112728,2464.5061247581593,-12.820992204969132,-12.822561881283685,-1.0797880801370514,-1.0813577564516041,False,True,exploratory_double
signed_xxy,99,50,neumann_corrected_tail,omega_up,0.0,0.0,0.0,27.115149448328587,27.115149448328587,36.27540007259375,6.882875780575178e-13,-75.15885636074066,4.507424910352697,4.580125312132579,59.929521177974095,1645.2040211112728,2464.5061247581593,-12.820992204969132,-12.822561881283685,-1.0797880801370514,-1.0813577564516041,False,True,exploratory_double
signed_xxy,99,50,neumann_corrected_tail,square,0.0,0.0,0.0,27.115149448328587,27.115149448328587,36.27540007259375,6.882875780575178e-13,-75.15885636074066,4.507424910352697,4.580125312132579,59.929521177974095,1645.2040211112728,2464.5061247581593,-12.820992204969132,-12.822561881283685,-1.0797880801370514,-1.0813577564516041,False,True,exploratory_double
symmetry_x_even,99,98,neumann_corrected_tail,x_only,0.0821423323459512,0.0,0.0821423323459512,29.830890546460495,29.830890546460495,36.27540007259375,6.882875780575178e-13,-75.15885636074066,3.1711078620655684,3.222254763066626,59.929521177974095,1607.3575363655084,2433.9028670269963,-12.917154515373918,-12.89029346716685,3.552713678800501e-15,0.02686104820707058,True,True,exploratory_double
symmetry_x_even,99,98,neumann_corrected_tail,y_only,0.0,8.75999943605736e-05,8.75999943605736e-05,29.617680669034748,29.830890546460495,36.27540007259375,6.882875780575178e-13,-75.15885636074066,3.1711078620655684,3.222254763066626,59.929521177974095,1607.3575363655084,2433.9028670269963,-12.821964891311682,-12.823534675949897,0.0015697846382174419,1.7763568394002505e-15,True,True,exploratory_double
symmetry_x_even,99,98,neumann_corrected_tail,omega_up,0.0008759272904781752,8.759272904781753e-05,0.000880296032245109,29.617698352100295,29.830890546460495,36.27540007259375,6.882875780575178e-13,-75.15885636074066,3.1711078620655684,3.222254763066626,59.929521177974095,1607.3575363655084,2433.9028670269963,-12.821975881879284,-12.82354243975829,0.0015665578790073909,1.7763568394002505e-15,True,True,exploratory_double
symmetry_x_even,99,98,neumann_corrected_tail,square,8.759992169536657e-05,8.759992169536657e-05,0.00012388499732440852,29.617680845894803,29.830890546460495,36.27540007259375,6.882875780575178e-13,-75.15885636074066,3.1711078620655684,3.222254763066626,59.929521177974095,1607.3575363655084,2433.9028670269963,-12.821965001235558,-12.823534753600889,0.0015697523653326328,1.7763568394002505e-15,True,True,exploratory_double
signed_xxy,99,98,neumann_corrected_tail,x_only,0.0821423323459512,0.0,0.0821423323459512,29.830890546460495,29.830890546460495,36.27540007259375,6.882875780575178e-13,-75.15885636074066,3.1711078620655684,3.222254763066626,59.929521177974095,1607.3575363655084,2433.9028670269963,-12.917154515373918,-12.89029346716685,3.552713678800501e-15,0.02686104820707058,True,True,exploratory_double
signed_xxy,99,98,neumann_corrected_tail,y_only,0.0,0.0036336518924708345,0.0036336518924708345,29.830890546460495,29.830890546460495,36.27540007259375,6.882875780575178e-13,-75.15885636074066,3.1711078620655684,3.222254763066626,59.929521177974095,1607.3575363655084,2433.9028670269963,-12.861401013378119,-12.862956979429802,0.0015559660516846208,1.7763568394002505e-15,True,True,exploratory_double
signed_xxy,99,98,neumann_corrected_tail,omega_up,0.031399806266933776,0.003139980626693378,0.03155641475099767,29.830890546460495,29.830890546460495,36.27540007259375,6.882875780575178e-13,-75.15885636074066,3.1711078620655684,3.222254763066626,59.929521177974095,1607.3575363655084,2433.9028670269963,-12.870320306177467,-12.867710552230154,5.329070518200751e-15,0.0026097539473184383,True,True,exploratory_double
signed_xxy,99,98,neumann_corrected_tail,square,0.003628369051448421,0.003628369051448421,0.005131288721853159,29.830890546460495,29.830890546460495,36.27540007259375,6.882875780575178e-13,-75.15885636074066,3.1711078620655684,3.222254763066626,59.929521177974095,1607.3575363655084,2433.9028670269963,-12.86153546953418,-12.863035775355959,0.001500305821780401,1.7763568394002505e-15,True,True,exploratory_double
symmetry_x_even,99,101,neumann_corrected_tail,x_only,0.0821423323459512,0.0,0.0821423323459512,29.830890546460495,29.830890546460495,36.27540007259375,6.882875780575178e-13,-75.15885636074066,3.1711078620655684,3.222254763066626,59.929521177974095,1607.3575363655084,2433.9028670269963,-12.917154515373918,-12.89029346716685,3.552713678800501e-15,0.02686104820707058,True,True,exploratory_double
symmetry_x_even,99,101,neumann_corrected_tail,y_only,0.0,8.75999943605736e-05,8.75999943605736e-05,29.617680669034748,29.830890546460495,36.27540007259375,6.882875780575178e-13,-75.15885636074066,3.1711078620655684,3.222254763066626,59.929521177974095,1607.3575363655084,2433.9028670269963,-12.821964891311682,-12.823534675949897,0.0015697846382174419,1.7763568394002505e-15,True,True,exploratory_double
symmetry_x_even,99,101,neumann_corrected_tail,omega_up,0.0008759272904781752,8.759272904781753e-05,0.000880296032245109,29.617698352100295,29.830890546460495,36.27540007259375,6.882875780575178e-13,-75.15885636074066,3.1711078620655684,3.222254763066626,59.929521177974095,1607.3575363655084,2433.9028670269963,-12.821975881879284,-12.82354243975829,0.0015665578790073909,1.7763568394002505e-15,True,True,exploratory_double
symmetry_x_even,99,101,neumann_corrected_tail,square,8.759992169536657e-05,8.759992169536657e-05,0.00012388499732440852,29.617680845894803,29.830890546460495,36.27540007259375,6.882875780575178e-13,-75.15885636074066,3.1711078620655684,3.222254763066626,59.929521177974095,1607.3575363655084,2433.9028670269963,-12.821965001235558,-12.823534753600889,0.0015697523653326328,1.7763568394002505e-15,True,True,exploratory_double
signed_xxy,99,101,neumann_corrected_tail,x_only,0.0821423323459512,0.0,0.0821423323459512,29.830890546460495,29.830890546460495,36.27540007259375,6.882875780575178e-13,-75.15885636074066,3.1711078620655684,3.222254763066626,59.929521177974095,1607.3575363655084,2433.9028670269963,-12.917154515373918,-12.89029346716685,3.552713678800501e-15,0.02686104820707058,True,True,exploratory_double
signed_xxy,99,101,neumann_corrected_tail,y_only,0.0,0.0036336518924708345,0.0036336518924708345,29.830890546460495,29.830890546460495,36.27540007259375,6.882875780575178e-13,-75.15885636074066,3.1711078620655684,3.222254763066626,59.929521177974095,1607.3575363655084,2433.9028670269963,-12.861401013378119,-12.862956979429802,0.0015559660516846208,1.7763568394002505e-15,True,True,exploratory_double
signed_xxy,99,101,neumann_corrected_tail,omega_up,0.031399806266933776,0.003139980626693378,0.03155641475099767,29.830890546460495,29.830890546460495,36.27540007259375,6.882875780575178e-13,-75.15885636074066,3.1711078620655684,3.222254763066626,59.929521177974095,1607.3575363655084,2433.9028670269963,-12.870320306177467,-12.867710552230154,5.329070518200751e-15,0.0026097539473184383,True,True,exploratory_double
signed_xxy,99,101,neumann_corrected_tail,square,0.003628369051448421,0.003628369051448421,0.005131288721853159,29.830890546460495,29.830890546460495,36.27540007259375,6.882875780575178e-13,-75.15885636074066,3.1711078620655684,3.222254763066626,59.929521177974095,1607.3575363655084,2433.9028670269963,-12.86153546953418,-12.863035775355959,0.001500305821780401,1.7763568394002505e-15,True,True,exploratory_double
symmetry_x_even,99,200,neumann_corrected_tail,x_only,0.2,0.0,0.2,31.96610345794403,31.96610345794403,36.27540007259375,6.882875780575178e-13,-75.15885636074066,2.1204475405419245,2.154648307324859,59.929521177974095,1577.168784613334,2409.471354832831,-13.35789251319255,-13.189512840739116,0.48383631409801,0.6522159865514432,True,True,exploratory_double
symmetry_x_even,99,200,neumann_corrected_tail,y_only,0.0,0.0009531388462450509,0.0009531388462450509,29.669542710738167,31.96610345794403,36.27540007259375,6.882875780575178e-13,-75.15885636074066,2.1204475405419245,2.154648307324859,59.929521177974095,1577.168784613334,2409.471354832831,-12.831579560180913,-12.833149256229367,0.0015696960484561373,1.7763568394002505e-15,True,True,exploratory_double
symmetry_x_even,99,200,neumann_corrected_tail,omega_up,0.009522663734958553,0.0009522663734958553,0.009570158611809196,29.671644908835226,31.96610345794403,36.27540007259375,6.882875780575178e-13,-75.15885636074066,2.1204475405419245,2.154648307324859,59.929521177974095,1577.168784613334,2409.471354832831,-12.832883731157633,-12.834071476714756,0.0011877455571251971,1.7763568394002505e-15,True,True,exploratory_double
symmetry_x_even,99,200,neumann_corrected_tail,square,0.0009531301035670327,0.0009531301035670327,0.0013479295191705703,29.669563775970417,31.96610345794403,36.27540007259375,6.882875780575178e-13,-75.15885636074066,2.1204475405419245,2.154648307324859,59.929521177974095,1577.168784613334,2409.471354832831,-12.83159262768459,-12.833158497399175,0.0015658697145877198,1.7763568394002505e-15,True,True,exploratory_double
signed_xxy,99,200,neumann_corrected_tail,x_only,0.2,0.0,0.2,31.96610345794403,31.96610345794403,36.27540007259375,6.882875780575178e-13,-75.15885636074066,2.1204475405419245,2.154648307324859,59.929521177974095,1577.168784613334,2409.471354832831,-13.35789251319255,-13.189512840739116,0.48383631409801,0.6522159865514432,True,True,exploratory_double
signed_xxy,99,200,neumann_corrected_tail,y_only,0.0,0.037445393280352395,0.037445393280352395,31.96610345794403,31.96610345794403,36.27540007259375,6.882875780575178e-13,-75.15885636074066,2.1204475405419245,2.154648307324859,59.929521177974095,1577.168784613334,2409.471354832831,-13.243237169478984,-13.242729127101965,1.7763568394002505e-15,0.0005080423770209563,True,True,exploratory_double
signed_xxy,99,200,neumann_corrected_tail,omega_up,0.18616842955760188,0.018616842955760188,0.1870969561633305,31.96610345794403,31.96610345794403,36.27540007259375,6.882875780575178e-13,-75.15885636074066,2.1204475405419245,2.154648307324859,59.929521177974095,1577.168784613334,2409.471354832831,-13.544174863298487,-13.393071548644029,8.881784197001252e-15,0.1511033146544669,True,True,exploratory_double
signed_xxy,99,200,neumann_corrected_tail,square,0.036603141444683074,0.036603141444683074,0.05176465905653153,31.96610345794403,31.96610345794403,36.27540007259375,6.882875780575178e-13,-75.15885636074066,2.1204475405419245,2.154648307324859,59.929521177974095,1577.168784613334,2409.471354832831,-13.256698924137307,-13.25028538294188,3.552713678800501e-15,0.006413541195430028,True,True,exploratory_double
symmetry_x_even,101,,tail_ignored,x_only,0.2,0.0,0.2,36.27540007259375,36.27540007259375,36.27540007259375,6.882875780575178e-13,-75.15885636074067,0.0,0.0,59.929521177974095,1514.9912266937772,1931.394082846672,-13.35789251319255,-13.189512840739116,2.349816484462478,2.518196156915911,True,True,exploratory_double
symmetry_x_even,101,,tail_ignored,y_only,0.0,0.0033457152710447005,0.0033457152710447005,29.813505395208264,36.27540007259375,36.27540007259375,6.882875780575178e-13,-75.15885636074067,0.0,0.0,59.929521177974095,1514.9912266937772,1931.394082846672,-12.858194351054804,-12.859752773915325,0.001558422860522768,1.7763568394002505e-15,True,True,exploratory_double
symmetry_x_even,101,,tail_ignored,omega_up,0.03328658344188004,0.0033286583441880045,0.03345260234429565,29.846449042810836,36.27540007259375,36.27540007259375,6.882875780575178e-13,-75.15885636074067,0.0,0.0,59.929521177974095,1514.9912266937772,1931.394082846672,-12.874217226090593,-12.871088114484847,1.7763568394002505e-15,0.003129111605748136,True,True,exploratory_double
symmetry_x_even,101,,tail_ignored,square,0.0033455793489446484,0.0033455793489446484,0.004731363689272871,29.813767914348034,36.27540007259375,36.27540007259375,6.882875780575178e-13,-75.15885636074067,0.0,0.0,59.929521177974095,1514.9912266937772,1931.394082846672,-12.858356950245183,-12.859868035055161,0.00151108480998019,1.7763568394002505e-15,True,True,exploratory_double
signed_xxy,101,,tail_ignored,x_only,0.2,0.0,0.2,36.27540007259375,36.27540007259375,36.27540007259375,6.882875780575178e-13,-75.15885636074067,0.0,0.0,59.929521177974095,1514.9912266937772,1931.394082846672,-13.35789251319255,-13.189512840739116,2.349816484462478,2.518196156915911,True,True,exploratory_double
signed_xxy,101,,tail_ignored,y_only,0.0,0.09735443867766096,0.09735443867766096,36.27540007259375,36.27540007259375,36.27540007259375,6.882875780575178e-13,-75.15885636074067,0.0,0.0,59.929521177974095,1514.9912266937772,1931.394082846672,-13.941923391717554,-13.927248621233888,1.7763568394002505e-15,0.014674770483667388,True,True,exploratory_double
signed_xxy,101,,tail_ignored,omega_up,0.2,0.020000000000000004,0.2009975124224178,36.27540007259375,36.27540007259375,36.27540007259375,6.882875780575178e-13,-75.15885636074067,0.0,0.0,59.929521177974095,1514.9912266937772,1931.394082846672,-13.637399066293009,-13.462063407637975,1.7075559306360795,1.8828915892911127,True,True,exploratory_double
signed_xxy,101,,tail_ignored,square,0.09115338376682096,0.09115338376682096,0.12891035157923772,36.27540007259375,36.27540007259375,36.27540007259375,6.882875780575178e-13,-75.15885636074067,0.0,0.0,59.929521177974095,1514.9912266937772,1931.394082846672,-14.054396265598971,-14.000917736772431,5.329070518200751e-15,0.05347852882654536,True,True,exploratory_double
symmetry_x_even,101,29,neumann_corrected_tail,x_only,0.0,0.0,0.0,24.640453725426443,24.640453725426443,36.27540007259375,6.882875780575178e-13,-75.15885636074067,5.726575155246408,5.817473173583652,59.929521177974095,1679.1347308488084,2491.710482789021,-12.820992204969132,-12.822561881283685,-2.1513627614720274,-2.15293243778658,False,True,exploratory_double
symmetry_x_even,101,29,neumann_corrected_tail,y_only,0.0,0.0,0.0,24.640453725426443,24.640453725426443,36.27540007259375,6.882875780575178e-13,-75.15885636074067,5.726575155246408,5.817473173583652,59.929521177974095,1679.1347308488084,2491.710482789021,-12.820992204969132,-12.822561881283685,-2.1513627614720274,-2.15293243778658,False,True,exploratory_double
symmetry_x_even,101,29,neumann_corrected_tail,omega_up,0.0,0.0,0.0,24.640453725426443,24.640453725426443,36.27540007259375,6.882875780575178e-13,-75.15885636074067,5.726575155246408,5.817473173583652,59.929521177974095,1679.1347308488084,2491.710482789021,-12.820992204969132,-12.822561881283685,-2.1513627614720274,-2.15293243778658,False,True,exploratory_double
symmetry_x_even,101,29,neumann_corrected_tail,square,0.0,0.0,0.0,24.640453725426443,24.640453725426443,36.27540007259375,6.882875780575178e-13,-75.15885636074067,5.726575155246408,5.817473173583652,59.929521177974095,1679.1347308488084,2491.710482789021,-12.820992204969132,-12.822561881283685,-2.1513627614720274,-2.15293243778658,False,True,exploratory_double
signed_xxy,101,29,neumann_corrected_tail,x_only,0.0,0.0,0.0,24.640453725426443,24.640453725426443,36.27540007259375,6.882875780575178e-13,-75.15885636074067,5.726575155246408,5.817473173583652,59.929521177974095,1679.1347308488084,2491.710482789021,-12.820992204969132,-12.822561881283685,-2.1513627614720274,-2.15293243778658,False,True,exploratory_double
signed_xxy,101,29,neumann_corrected_tail,y_only,0.0,0.0,0.0,24.640453725426443,24.640453725426443,36.27540007259375,6.882875780575178e-13,-75.15885636074067,5.726575155246408,5.817473173583652,59.929521177974095,1679.1347308488084,2491.710482789021,-12.820992204969132,-12.822561881283685,-2.1513627614720274,-2.15293243778658,False,True,exploratory_double
signed_xxy,101,29,neumann_corrected_tail,omega_up,0.0,0.0,0.0,24.640453725426443,24.640453725426443,36.27540007259375,6.882875780575178e-13,-75.15885636074067,5.726575155246408,5.817473173583652,59.929521177974095,1679.1347308488084,2491.710482789021,-12.820992204969132,-12.822561881283685,-2.1513627614720274,-2.15293243778658,False,True,exploratory_double
signed_xxy,101,29,neumann_corrected_tail,square,0.0,0.0,0.0,24.640453725426443,24.640453725426443,36.27540007259375,6.882875780575178e-13,-75.15885636074067,5.726575155246408,5.817473173583652,59.929521177974095,1679.1347308488084,2491.710482789021,-12.820992204969132,-12.822561881283685,-2.1513627614720274,-2.15293243778658,False,True,exploratory_double
symmetry_x_even,101,31,neumann_corrected_tail,x_only,0.0,0.0,0.0,24.640453725426443,24.640453725426443,36.27540007259375,6.882875780575178e-13,-75.15885636074067,5.726575155246408,5.817473173583652,59.929521177974095,1679.1347308488084,2491.710482789021,-12.820992204969132,-12.822561881283685,-2.1513627614720274,-2.15293243778658,False,True,exploratory_double
symmetry_x_even,101,31,neumann_corrected_tail,y_only,0.0,0.0,0.0,24.640453725426443,24.640453725426443,36.27540007259375,6.882875780575178e-13,-75.15885636074067,5.726575155246408,5.817473173583652,59.929521177974095,1679.1347308488084,2491.710482789021,-12.820992204969132,-12.822561881283685,-2.1513627614720274,-2.15293243778658,False,True,exploratory_double
symmetry_x_even,101,31,neumann_corrected_tail,omega_up,0.0,0.0,0.0,24.640453725426443,24.640453725426443,36.27540007259375,6.882875780575178e-13,-75.15885636074067,5.726575155246408,5.817473173583652,59.929521177974095,1679.1347308488084,2491.710482789021,-12.820992204969132,-12.822561881283685,-2.1513627614720274,-2.15293243778658,False,True,exploratory_double
symmetry_x_even,101,31,neumann_corrected_tail,square,0.0,0.0,0.0,24.640453725426443,24.640453725426443,36.27540007259375,6.882875780575178e-13,-75.15885636074067,5.726575155246408,5.817473173583652,59.929521177974095,1679.1347308488084,2491.710482789021,-12.820992204969132,-12.822561881283685,-2.1513627614720274,-2.15293243778658,False,True,exploratory_double
signed_xxy,101,31,neumann_corrected_tail,x_only,0.0,0.0,0.0,24.640453725426443,24.640453725426443,36.27540007259375,6.882875780575178e-13,-75.15885636074067,5.726575155246408,5.817473173583652,59.929521177974095,1679.1347308488084,2491.710482789021,-12.820992204969132,-12.822561881283685,-2.1513627614720274,-2.15293243778658,False,True,exploratory_double
signed_xxy,101,31,neumann_corrected_tail,y_only,0.0,0.0,0.0,24.640453725426443,24.640453725426443,36.27540007259375,6.882875780575178e-13,-75.15885636074067,5.726575155246408,5.817473173583652,59.929521177974095,1679.1347308488084,2491.710482789021,-12.820992204969132,-12.822561881283685,-2.1513627614720274,-2.15293243778658,False,True,exploratory_double
signed_xxy,101,31,neumann_corrected_tail,omega_up,0.0,0.0,0.0,24.640453725426443,24.640453725426443,36.27540007259375,6.882875780575178e-13,-75.15885636074067,5.726575155246408,5.817473173583652,59.929521177974095,1679.1347308488084,2491.710482789021,-12.820992204969132,-12.822561881283685,-2.1513627614720274,-2.15293243778658,False,True,exploratory_double
signed_xxy,101,31,neumann_corrected_tail,square,0.0,0.0,0.0,24.640453725426443,24.640453725426443,36.27540007259375,6.882875780575178e-13,-75.15885636074067,5.726575155246408,5.817473173583652,59.929521177974095,1679.1347308488084,2491.710482789021,-12.820992204969132,-12.822561881283685,-2.1513627614720274,-2.15293243778658,False,True,exploratory_double
symmetry_x_even,101,50,neumann_corrected_tail,x_only,0.0,0.0,0.0,27.117457397591444,27.117457397591444,36.27540007259375,6.882875780575178e-13,-75.15885636074067,4.507424910352697,4.578971337501152,59.929521177974095,1645.1322119809329,2464.2406975466783,-12.820992204969132,-12.822561881283685,-1.0787887087909116,-1.0803583851054643,False,True,exploratory_double
symmetry_x_even,101,50,neumann_corrected_tail,y_only,0.0,0.0,0.0,27.117457397591444,27.117457397591444,36.27540007259375,6.882875780575178e-13,-75.15885636074067,4.507424910352697,4.578971337501152,59.929521177974095,1645.1322119809329,2464.2406975466783,-12.820992204969132,-12.822561881283685,-1.0787887087909116,-1.0803583851054643,False,True,exploratory_double
symmetry_x_even,101,50,neumann_corrected_tail,omega_up,0.0,0.0,0.0,27.117457397591444,27.117457397591444,36.27540007259375,6.882875780575178e-13,-75.15885636074067,4.507424910352697,4.578971337501152,59.929521177974095,1645.1322119809329,2464.2406975466783,-12.820992204969132,-12.822561881283685,-1.0787887087909116,-1.0803583851054643,False,True,exploratory_double
symmetry_x_even,101,50,neumann_corrected_tail,square,0.0,0.0,0.0,27.117457397591444,27.117457397591444,36.27540007259375,6.882875780575178e-13,-75.15885636074067,4.507424910352697,4.578971337501152,59.929521177974095,1645.1322119809329,2464.2406975466783,-12.820992204969132,-12.822561881283685,-1.0787887087909116,-1.0803583851054643,False,True,exploratory_double
signed_xxy,101,50,neumann_corrected_tail,x_only,0.0,0.0,0.0,27.117457397591444,27.117457397591444,36.27540007259375,6.882875780575178e-13,-75.15885636074067,4.507424910352697,4.578971337501152,59.929521177974095,1645.1322119809329,2464.2406975466783,-12.820992204969132,-12.822561881283685,-1.0787887087909116,-1.0803583851054643,False,True,exploratory_double
signed_xxy,101,50,neumann_corrected_tail,y_only,0.0,0.0,0.0,27.117457397591444,27.117457397591444,36.27540007259375,6.882875780575178e-13,-75.15885636074067,4.507424910352697,4.578971337501152,59.929521177974095,1645.1322119809329,2464.2406975466783,-12.820992204969132,-12.822561881283685,-1.0787887087909116,-1.0803583851054643,False,True,exploratory_double
signed_xxy,101,50,neumann_corrected_tail,omega_up,0.0,0.0,0.0,27.117457397591444,27.117457397591444,36.27540007259375,6.882875780575178e-13,-75.15885636074067,4.507424910352697,4.578971337501152,59.929521177974095,1645.1322119809329,2464.2406975466783,-12.820992204969132,-12.822561881283685,-1.0787887087909116,-1.0803583851054643,False,True,exploratory_double
signed_xxy,101,50,neumann_corrected_tail,square,0.0,0.0,0.0,27.117457397591444,27.117457397591444,36.27540007259375,6.882875780575178e-13,-75.15885636074067,4.507424910352697,4.578971337501152,59.929521177974095,1645.1322119809329,2464.2406975466783,-12.820992204969132,-12.822561881283685,-1.0787887087909116,-1.0803583851054643,False,True,exploratory_double
symmetry_x_even,101,98,neumann_corrected_tail,x_only,0.08244574113313134,0.0,0.08244574113313134,29.832514257603385,29.832514257603385,36.27540007259375,6.882875780575178e-13,-75.15885636074067,3.1711078620655684,3.2214429074951805,59.929521177974095,1607.3063004567377,2433.6554674915787,-12.917857602922995,-12.890785716905919,1.7763568394002505e-15,0.027071886017077773,True,True,exploratory_double
symmetry_x_even,101,98,neumann_corrected_tail,y_only,0.0,8.825986133823419e-05,8.825986133823419e-05,29.617720163497545,29.832514257603385,36.27540007259375,6.882875780575178e-13,-75.15885636074067,3.1711078620655684,3.2214429074951805,59.929521177974095,1607.3063004567377,2433.6554674915787,-12.821972218573817,-12.823542003946342,0.0015697853725260558,1.7763568394002505e-15,True,True,exploratory_double
symmetry_x_even,101,98,neumann_corrected_tail,omega_up,0.0008825248540022711,8.825248540022711e-05,0.0008869265015270698,29.617738113989404,29.832514257603385,36.27540007259375,6.882875780575178e-13,-75.15885636074067,3.1711078620655684,3.2214429074951805,59.929521177974095,1607.3063004567377,2433.6554674915787,-12.821983375356437,-12.823549885174467,0.0015665098180317472,1.7763568394002505e-15,True,True,exploratory_double
symmetry_x_even,101,98,neumann_corrected_tail,square,8.825978756649199e-05,8.825978756649199e-05,0.00012481818858870122,29.61772034303255,29.832514257603385,36.27540007259375,6.882875780575178e-13,-75.15885636074067,3.1711078620655684,3.2214429074951805,59.929521177974095,1607.3063004567377,2433.6554674915787,-12.821972330160266,-12.82354208277183,0.0015697526115658889,1.7763568394002505e-15,True,True,exploratory_double
signed_xxy,101,98,neumann_corrected_tail,x_only,0.08244574113313134,0.0,0.08244574113313134,29.832514257603385,29.832514257603385,36.27540007259375,6.882875780575178e-13,-75.15885636074067,3.1711078620655684,3.2214429074951805,59.929521177974095,1607.3063004567377,2433.6554674915787,-12.917857602922995,-12.890785716905919,1.7763568394002505e-15,0.027071886017077773,True,True,exploratory_double
signed_xxy,101,98,neumann_corrected_tail,y_only,0.0,0.003660533251853171,0.003660533251853171,29.832514257603385,29.832514257603385,36.27540007259375,6.882875780575178e-13,-75.15885636074067,3.1711078620655684,3.2214429074951805,59.929521177974095,1607.3063004567377,2433.6554674915787,-12.86170042315392,-12.863256147709825,0.001555724555906579,1.7763568394002505e-15,True,True,exploratory_double
signed_xxy,101,98,neumann_corrected_tail,omega_up,0.03159816467821835,0.003159816467821835,0.03175576248717898,29.832514257603385,29.832514257603385,36.27540007259375,6.882875780575178e-13,-75.15885636074067,3.1711078620655684,3.2214429074951805,59.929521177974095,1607.3063004567377,2433.6554674915787,-12.87072496800914,-12.868062053100498,3.552713678800501e-15,0.002662914908645675,True,True,exploratory_double
signed_xxy,101,98,neumann_corrected_tail,square,0.0036551713904117706,0.0036551713904117706,0.005169192953118449,29.832514257603385,29.832514257603385,36.27540007259375,6.882875780575178e-13,-75.15885636074067,3.1711078620655684,3.2214429074951805,59.929521177974095,1607.3063004567377,2433.6554674915787,-12.861836889839152,-12.863336126613772,0.0014992367746238244,3.552713678800501e-15,True,True,exploratory_double
symmetry_x_even,101,101,neumann_corrected_tail,x_only,0.08244574113313134,0.0,0.08244574113313134,29.832514257603385,29.832514257603385,36.27540007259375,6.882875780575178e-13,-75.15885636074067,3.1711078620655684,3.2214429074951805,59.929521177974095,1607.3063004567377,2433.6554674915787,-12.917857602922995,-12.890785716905919,1.7763568394002505e-15,0.027071886017077773,True,True,exploratory_double
symmetry_x_even,101,101,neumann_corrected_tail,y_only,0.0,8.825986133823419e-05,8.825986133823419e-05,29.617720163497545,29.832514257603385,36.27540007259375,6.882875780575178e-13,-75.15885636074067,3.1711078620655684,3.2214429074951805,59.929521177974095,1607.3063004567377,2433.6554674915787,-12.821972218573817,-12.823542003946342,0.0015697853725260558,1.7763568394002505e-15,True,True,exploratory_double
symmetry_x_even,101,101,neumann_corrected_tail,omega_up,0.0008825248540022711,8.825248540022711e-05,0.0008869265015270698,29.617738113989404,29.832514257603385,36.27540007259375,6.882875780575178e-13,-75.15885636074067,3.1711078620655684,3.2214429074951805,59.929521177974095,1607.3063004567377,2433.6554674915787,-12.821983375356437,-12.823549885174467,0.0015665098180317472,1.7763568394002505e-15,True,True,exploratory_double
symmetry_x_even,101,101,neumann_corrected_tail,square,8.825978756649199e-05,8.825978756649199e-05,0.00012481818858870122,29.61772034303255,29.832514257603385,36.27540007259375,6.882875780575178e-13,-75.15885636074067,3.1711078620655684,3.2214429074951805,59.929521177974095,1607.3063004567377,2433.6554674915787,-12.821972330160266,-12.82354208277183,0.0015697526115658889,1.7763568394002505e-15,True,True,exploratory_double
signed_xxy,101,101,neumann_corrected_tail,x_only,0.08244574113313134,0.0,0.08244574113313134,29.832514257603385,29.832514257603385,36.27540007259375,6.882875780575178e-13,-75.15885636074067,3.1711078620655684,3.2214429074951805,59.929521177974095,1607.3063004567377,2433.6554674915787,-12.917857602922995,-12.890785716905919,1.7763568394002505e-15,0.027071886017077773,True,True,exploratory_double
signed_xxy,101,101,neumann_corrected_tail,y_only,0.0,0.003660533251853171,0.003660533251853171,29.832514257603385,29.832514257603385,36.27540007259375,6.882875780575178e-13,-75.15885636074067,3.1711078620655684,3.2214429074951805,59.929521177974095,1607.3063004567377,2433.6554674915787,-12.86170042315392,-12.863256147709825,0.001555724555906579,1.7763568394002505e-15,True,True,exploratory_double
signed_xxy,101,101,neumann_corrected_tail,omega_up,0.03159816467821835,0.003159816467821835,0.03175576248717898,29.832514257603385,29.832514257603385,36.27540007259375,6.882875780575178e-13,-75.15885636074067,3.1711078620655684,3.2214429074951805,59.929521177974095,1607.3063004567377,2433.6554674915787,-12.87072496800914,-12.868062053100498,3.552713678800501e-15,0.002662914908645675,True,True,exploratory_double
signed_xxy,101,101,neumann_corrected_tail,square,0.0036551713904117706,0.0036551713904117706,0.005169192953118449,29.832514257603385,29.832514257603385,36.27540007259375,6.882875780575178e-13,-75.15885636074067,3.1711078620655684,3.2214429074951805,59.929521177974095,1607.3063004567377,2433.6554674915787,-12.861836889839152,-12.863336126613772,0.0014992367746238244,3.552713678800501e-15,True,True,exploratory_double
symmetry_x_even,101,200,neumann_corrected_tail,x_only,0.2,0.0,0.2,31.967189196572058,31.967189196572058,36.27540007259375,6.882875780575178e-13,-75.15885636074067,2.1204475405419245,2.154105438010844,59.929521177974095,1577.1341253833323,2409.2384879281353,-13.35789251319255,-13.189512840739116,0.4843064527148808,0.652686125168314,True,True,exploratory_double
symmetry_x_even,101,200,neumann_corrected_tail,y_only,0.0,0.0009536684430295071,0.0009536684430295071,29.66957447890287,31.967189196572058,36.27540007259375,6.882875780575178e-13,-75.15885636074067,2.1204475405419245,2.154105438010844,59.929521177974095,1577.1341253833323,2409.2384879281353,-12.831585445304208,-12.833155140652844,0.0015696953486372678,1.7763568394002505e-15,True,True,exploratory_double
symmetry_x_even,101,200,neumann_corrected_tail,omega_up,0.009527949159892565,0.0009527949159892565,0.009575470398128356,29.671679013868488,31.967189196572058,36.27540007259375,6.882875780575178e-13,-75.15885636074067,2.1204475405419245,2.154105438010844,59.929521177974095,1577.1341253833323,2409.2384879281353,-12.832891066630877,-12.834078387017215,0.0011873203863395076,1.7763568394002505e-15,True,True,exploratory_double
symmetry_x_even,101,200,neumann_corrected_tail,square,0.0009536596897741778,0.0009536596897741778,0.0013486784671671607,29.669595567582505,31.967189196572058,36.27540007259375,6.882875780575178e-13,-75.15885636074067,2.1204475405419245,2.154105438010844,59.929521177974095,1577.1341253833323,2409.2384879281353,-12.831598527357917,-12.833164392115961,0.0015658647580458762,1.7763568394002505e-15,True,True,exploratory_double
signed_xxy,101,200,neumann_corrected_tail,x_only,0.2,0.0,0.2,31.967189196572058,31.967189196572058,36.27540007259375,6.882875780575178e-13,-75.15885636074067,2.1204475405419245,2.154105438010844,59.929521177974095,1577.1341253833323,2409.2384879281353,-13.35789251319255,-13.189512840739116,0.4843064527148808,0.652686125168314,True,True,exploratory_double
signed_xxy,101,200,neumann_corrected_tail,y_only,0.0,0.037461794731337206,0.037461794731337206,31.967189196572058,31.967189196572058,36.27540007259375,6.882875780575178e-13,-75.15885636074067,2.1204475405419245,2.154105438010844,59.929521177974095,1577.1341253833323,2409.2384879281353,-13.243424825997527,-13.242914865884329,1.7763568394002505e-15,0.0005099601132005915,True,True,exploratory_double
signed_xxy,101,200,neumann_corrected_tail,omega_up,0.18622478447638527,0.01862247844763853,0.18715359215577163,31.967189196572058,31.967189196572058,36.27540007259375,6.882875780575178e-13,-75.15885636074067,2.1204475405419245,2.154105438010844,59.929521177974095,1577.1341253833323,2409.2384879281353,-13.544544819985054,-13.393346600387607,1.7763568394002505e-15,0.1511982195974486,True,True,exploratory_double
signed_xxy,101,200,neumann_corrected_tail,square,0.03661878014680069,0.03661878014680069,0.051786775521164174,31.967189196572058,31.967189196572058,36.27540007259375,6.882875780575178e-13,-75.15885636074067,2.1204475405419245,2.154105438010844,59.929521177974095,1577.1341253833323,2409.2384879281353,-13.2568992293572,-13.250478612184565,3.552713678800501e-15,0.006420617172638643,True,True,exploratory_double
symmetry_x_even,199,,tail_ignored,x_only,0.2,0.0,0.2,36.255004229305264,36.255004229305264,36.255004229305264,6.350043961322369e-13,-75.17071728409633,0.0,0.0,59.919456471344404,1515.2886228497398,1931.715653776451,-13.35789251319255,-13.189512840739116,2.340984825252761,2.509364497706194,True,True,exploratory_double
symmetry_x_even,199,,tail_ignored,y_only,0.0,0.0033349366743955443,0.0033349366743955443,29.812854851022212,36.255004229305264,36.255004229305264,6.350043961322369e-13,-75.17071728409633,0.0,0.0,59.919456471344404,1515.2886228497398,1931.715653776451,-12.858074328440022,-12.85963283865613,0.0015585102161104203,1.7763568394002505e-15,True,True,exploratory_double
symmetry_x_even,199,,tail_ignored,omega_up,0.033180041319567824,0.0033180041319567826,0.03334552883653085,29.845563708309403,36.255004229305264,36.255004229305264,6.350043961322369e-13,-75.17071728409633,0.0,0.0,59.919456471344404,1515.2886228497398,1931.715653776451,-12.873994328979041,-12.870895359870222,1.7763568394002505e-15,0.0030989691088212368,True,True,exploratory_double
symmetry_x_even,199,,tail_ignored,square,0.0033348016589985993,0.0033348016589985993,0.0047161217339801165,29.813115662377992,36.255004229305264,36.255004229305264,6.350043961322369e-13,-75.17071728409633,0.0,0.0,59.919456471344404,1515.2886228497398,1931.715653776451,-12.858235873462686,-12.859747351006126,0.0015114775434419414,1.7763568394002505e-15,True,True,exploratory_double
signed_xxy,199,,tail_ignored,x_only,0.2,0.0,0.2,36.255004229305264,36.255004229305264,36.255004229305264,6.350043961322369e-13,-75.17071728409633,0.0,0.0,59.919456471344404,1515.2886228497398,1931.715653776451,-13.35789251319255,-13.189512840739116,2.340984825252761,2.509364497706194,True,True,exploratory_double
signed_xxy,199,,tail_ignored,y_only,0.0,0.0970929393197893,0.0970929393197893,36.255004229305264,36.255004229305264,36.255004229305264,6.350043961322369e-13,-75.17071728409633,0.0,0.0,59.919456471344404,1515.2886228497398,1931.715653776451,-13.93882487560799,-13.924246872497154,1.7763568394002505e-15,0.014578003110838011,True,True,exploratory_double
signed_xxy,199,,tail_ignored,omega_up,0.2,0.020000000000000004,0.2009975124224178,36.255004229305264,36.255004229305264,36.255004229305264,6.350043961322369e-13,-75.17071728409633,0.0,0.0,59.919456471344404,1515.2886228497398,1931.715653776451,-13.637399066293009,-13.462063407637975,1.6989282298592485,1.8742638885142817,True,True,exploratory_double
signed_xxy,199,,tail_ignored,square,0.09092689692675254,0.09092689692675254,0.12859005081831393,36.255004229305264,36.255004229305264,36.255004229305264,6.350043961322369e-13,-75.17071728409633,0.0,0.0,59.919456471344404,1515.2886228497398,1931.715653776451,-14.050599822126799,-13.997418584882716,3.552713678800501e-15,0.05318123724408608,True,True,exploratory_double
symmetry_x_even,199,29,neumann_corrected_tail,x_only,0.0,0.0,0.0,24.726972078078198,24.726972078078198,36.255004229305264,6.350043961322369e-13,-75.17071728409633,5.716510448616717,5.764016075613532,59.919456471344404,1676.485837272733,2483.415463843013,-12.820992204969132,-12.822561881283685,-2.1138992158270273,-2.11546889214158,False,True,exploratory_double
symmetry_x_even,199,29,neumann_corrected_tail,y_only,0.0,0.0,0.0,24.726972078078198,24.726972078078198,36.255004229305264,6.350043961322369e-13,-75.17071728409633,5.716510448616717,5.764016075613532,59.919456471344404,1676.485837272733,2483.415463843013,-12.820992204969132,-12.822561881283685,-2.1138992158270273,-2.11546889214158,False,True,exploratory_double
symmetry_x_even,199,29,neumann_corrected_tail,omega_up,0.0,0.0,0.0,24.726972078078198,24.726972078078198,36.255004229305264,6.350043961322369e-13,-75.17071728409633,5.716510448616717,5.764016075613532,59.919456471344404,1676.485837272733,2483.415463843013,-12.820992204969132,-12.822561881283685,-2.1138992158270273,-2.11546889214158,False,True,exploratory_double
symmetry_x_even,199,29,neumann_corrected_tail,square,0.0,0.0,0.0,24.726972078078198,24.726972078078198,36.255004229305264,6.350043961322369e-13,-75.17071728409633,5.716510448616717,5.764016075613532,59.919456471344404,1676.485837272733,2483.415463843013,-12.820992204969132,-12.822561881283685,-2.1138992158270273,-2.11546889214158,False,True,exploratory_double
signed_xxy,199,29,neumann_corrected_tail,x_only,0.0,0.0,0.0,24.726972078078198,24.726972078078198,36.255004229305264,6.350043961322369e-13,-75.17071728409633,5.716510448616717,5.764016075613532,59.919456471344404,1676.485837272733,2483.415463843013,-12.820992204969132,-12.822561881283685,-2.1138992158270273,-2.11546889214158,False,True,exploratory_double
signed_xxy,199,29,neumann_corrected_tail,y_only,0.0,0.0,0.0,24.726972078078198,24.726972078078198,36.255004229305264,6.350043961322369e-13,-75.17071728409633,5.716510448616717,5.764016075613532,59.919456471344404,1676.485837272733,2483.415463843013,-12.820992204969132,-12.822561881283685,-2.1138992158270273,-2.11546889214158,False,True,exploratory_double
signed_xxy,199,29,neumann_corrected_tail,omega_up,0.0,0.0,0.0,24.726972078078198,24.726972078078198,36.255004229305264,6.350043961322369e-13,-75.17071728409633,5.716510448616717,5.764016075613532,59.919456471344404,1676.485837272733,2483.415463843013,-12.820992204969132,-12.822561881283685,-2.1138992158270273,-2.11546889214158,False,True,exploratory_double
signed_xxy,199,29,neumann_corrected_tail,square,0.0,0.0,0.0,24.726972078078198,24.726972078078198,36.255004229305264,6.350043961322369e-13,-75.17071728409633,5.716510448616717,5.764016075613532,59.919456471344404,1676.485837272733,2483.415463843013,-12.820992204969132,-12.822561881283685,-2.1138992158270273,-2.11546889214158,False,True,exploratory_double
symmetry_x_even,199,31,neumann_corrected_tail,x_only,0.0,0.0,0.0,24.726972078078198,24.726972078078198,36.255004229305264,6.350043961322369e-13,-75.17071728409633,5.716510448616717,5.764016075613532,59.919456471344404,1676.485837272733,2483.415463843013,-12.820992204969132,-12.822561881283685,-2.1138992158270273,-2.11546889214158,False,True,exploratory_double
symmetry_x_even,199,31,neumann_corrected_tail,y_only,0.0,0.0,0.0,24.726972078078198,24.726972078078198,36.255004229305264,6.350043961322369e-13,-75.17071728409633,5.716510448616717,5.764016075613532,59.919456471344404,1676.485837272733,2483.415463843013,-12.820992204969132,-12.822561881283685,-2.1138992158270273,-2.11546889214158,False,True,exploratory_double
symmetry_x_even,199,31,neumann_corrected_tail,omega_up,0.0,0.0,0.0,24.726972078078198,24.726972078078198,36.255004229305264,6.350043961322369e-13,-75.17071728409633,5.716510448616717,5.764016075613532,59.919456471344404,1676.485837272733,2483.415463843013,-12.820992204969132,-12.822561881283685,-2.1138992158270273,-2.11546889214158,False,True,exploratory_double
symmetry_x_even,199,31,neumann_corrected_tail,square,0.0,0.0,0.0,24.726972078078198,24.726972078078198,36.255004229305264,6.350043961322369e-13,-75.17071728409633,5.716510448616717,5.764016075613532,59.919456471344404,1676.485837272733,2483.415463843013,-12.820992204969132,-12.822561881283685,-2.1138992158270273,-2.11546889214158,False,True,exploratory_double
signed_xxy,199,31,neumann_corrected_tail,x_only,0.0,0.0,0.0,24.726972078078198,24.726972078078198,36.255004229305264,6.350043961322369e-13,-75.17071728409633,5.716510448616717,5.764016075613532,59.919456471344404,1676.485837272733,2483.415463843013,-12.820992204969132,-12.822561881283685,-2.1138992158270273,-2.11546889214158,False,True,exploratory_double
signed_xxy,199,31,neumann_corrected_tail,y_only,0.0,0.0,0.0,24.726972078078198,24.726972078078198,36.255004229305264,6.350043961322369e-13,-75.17071728409633,5.716510448616717,5.764016075613532,59.919456471344404,1676.485837272733,2483.415463843013,-12.820992204969132,-12.822561881283685,-2.1138992158270273,-2.11546889214158,False,True,exploratory_double
signed_xxy,199,31,neumann_corrected_tail,omega_up,0.0,0.0,0.0,24.726972078078198,24.726972078078198,36.255004229305264,6.350043961322369e-13,-75.17071728409633,5.716510448616717,5.764016075613532,59.919456471344404,1676.485837272733,2483.415463843013,-12.820992204969132,-12.822561881283685,-2.1138992158270273,-2.11546889214158,False,True,exploratory_double
signed_xxy,199,31,neumann_corrected_tail,square,0.0,0.0,0.0,24.726972078078198,24.726972078078198,36.255004229305264,6.350043961322369e-13,-75.17071728409633,5.716510448616717,5.764016075613532,59.919456471344404,1676.485837272733,2483.415463843013,-12.820992204969132,-12.822561881283685,-2.1138992158270273,-2.11546889214158,False,True,exploratory_double
symmetry_x_even,199,50,neumann_corrected_tail,x_only,0.0,0.0,0.0,27.185535452822307,27.185535452822307,36.255004229305264,6.350043961322369e-13,-75.17071728409633,4.497360203723005,4.534734388241479,59.919456471344404,1643.0223494906998,2456.417045756717,-12.820992204969132,-12.822561881283685,-1.0493100461558278,-1.0508797224703805,False,True,exploratory_double
symmetry_x_even,199,50,neumann_corrected_tail,y_only,0.0,0.0,0.0,27.185535452822307,27.185535452822307,36.255004229305264,6.350043961322369e-13,-75.17071728409633,4.497360203723005,4.534734388241479,59.919456471344404,1643.0223494906998,2456.417045756717,-12.820992204969132,-12.822561881283685,-1.0493100461558278,-1.0508797224703805,False,True,exploratory_double
symmetry_x_even,199,50,neumann_corrected_tail,omega_up,0.0,0.0,0.0,27.185535452822307,27.185535452822307,36.255004229305264,6.350043961322369e-13,-75.17071728409633,4.497360203723005,4.534734388241479,59.919456471344404,1643.0223494906998,2456.417045756717,-12.820992204969132,-12.822561881283685,-1.0493100461558278,-1.0508797224703805,False,True,exploratory_double
symmetry_x_even,199,50,neumann_corrected_tail,square,0.0,0.0,0.0,27.185535452822307,27.185535452822307,36.255004229305264,6.350043961322369e-13,-75.17071728409633,4.497360203723005,4.534734388241479,59.919456471344404,1643.0223494906998,2456.417045756717,-12.820992204969132,-12.822561881283685,-1.0493100461558278,-1.0508797224703805,False,True,exploratory_double
signed_xxy,199,50,neumann_corrected_tail,x_only,0.0,0.0,0.0,27.185535452822307,27.185535452822307,36.255004229305264,6.350043961322369e-13,-75.17071728409633,4.497360203723005,4.534734388241479,59.919456471344404,1643.0223494906998,2456.417045756717,-12.820992204969132,-12.822561881283685,-1.0493100461558278,-1.0508797224703805,False,True,exploratory_double
signed_xxy,199,50,neumann_corrected_tail,y_only,0.0,0.0,0.0,27.185535452822307,27.185535452822307,36.255004229305264,6.350043961322369e-13,-75.17071728409633,4.497360203723005,4.534734388241479,59.919456471344404,1643.0223494906998,2456.417045756717,-12.820992204969132,-12.822561881283685,-1.0493100461558278,-1.0508797224703805,False,True,exploratory_double
signed_xxy,199,50,neumann_corrected_tail,omega_up,0.0,0.0,0.0,27.185535452822307,27.185535452822307,36.255004229305264,6.350043961322369e-13,-75.17071728409633,4.497360203723005,4.534734388241479,59.919456471344404,1643.0223494906998,2456.417045756717,-12.820992204969132,-12.822561881283685,-1.0493100461558278,-1.0508797224703805,False,True,exploratory_double
signed_xxy,199,50,neumann_corrected_tail,square,0.0,0.0,0.0,27.185535452822307,27.185535452822307,36.255004229305264,6.350043961322369e-13,-75.17071728409633,4.497360203723005,4.534734388241479,59.919456471344404,1643.0223494906998,2456.417045756717,-12.820992204969132,-12.822561881283685,-1.0493100461558278,-1.0508797224703805,False,True,exploratory_double
symmetry_x_even,199,98,neumann_corrected_tail,x_only,0.09095853629347432,0.0,0.09095853629347432,29.880379805046765,29.880379805046765,36.255004229305264,6.350043961322369e-13,-75.17071728409633,3.161043155435877,3.18731221212925,59.919456471344404,1605.8019643655462,2426.3616099352466,-12.938583992949003,-12.90527703773521,1.7763568394002505e-15,0.0333069552137939,True,True,exploratory_double
symmetry_x_even,199,98,neumann_corrected_tail,y_only,0.0,0.00010777116508131294,0.00010777116508131294,29.618887987435475,29.880379805046765,36.255004229305264,6.350043961322369e-13,-75.17071728409633,3.161043155435877,3.18731221212925,59.919456471344404,1605.8019643655462,2426.3616099352466,-12.822188876916,-12.823758683449022,0.0015698065330234101,1.7763568394002505e-15,True,True,exploratory_double
symmetry_x_even,199,98,neumann_corrected_tail,omega_up,0.0010776013412107455,0.00010776013412107456,0.0010829759448321046,29.618914752533918,29.880379805046765,36.255004229305264,6.350043961322369e-13,-75.17071728409633,3.161043155435877,3.18731221212925,59.919456471344404,1605.8019643655462,2426.3616099352466,-12.822205512308612,-12.823770434996897,0.001564922688286785,1.7763568394002505e-15,True,True,exploratory_double
symmetry_x_even,199,98,neumann_corrected_tail,square,0.00010777105474901027,0.00010777105474901027,0.00015241128725730367,29.61888825514154,29.880379805046765,36.255004229305264,6.350043961322369e-13,-75.17071728409633,3.161043155435877,3.18731221212925,59.919456471344404,1605.8019643655462,2426.3616099352466,-12.822189043303986,-12.823758800988681,0.0015697576846971373,1.7763568394002505e-15,True,True,exploratory_double
signed_xxy,199,98,neumann_corrected_tail,x_only,0.09095853629347432,0.0,0.09095853629347432,29.880379805046765,29.880379805046765,36.255004229305264,6.350043961322369e-13,-75.17071728409633,3.161043155435877,3.18731221212925,59.919456471344404,1605.8019643655462,2426.3616099352466,-12.938583992949003,-12.90527703773521,1.7763568394002505e-15,0.0333069552137939,True,True,exploratory_double
signed_xxy,199,98,neumann_corrected_tail,y_only,0.0,0.004452136992252387,0.004452136992252387,29.880379805046765,29.880379805046765,36.255004229305264,6.350043961322369e-13,-75.17071728409633,3.161043155435877,3.18731221212925,59.919456471344404,1605.8019643655462,2426.3616099352466,-12.870520538809878,-12.872068220812704,0.0015476820028279548,1.7763568394002505e-15,True,True,exploratory_double
signed_xxy,199,98,neumann_corrected_tail,omega_up,0.037298609305977885,0.0037298609305977887,0.03748463843658599,29.880379805046765,29.880379805046765,36.255004229305264,6.350043961322369e-13,-75.17071728409633,3.161043155435877,3.18731221212925,59.919456471344404,1605.8019643655462,2426.3616099352466,-12.882859162335869,-12.878523845678615,1.7763568394002505e-15,0.004335316657256172,True,True,exploratory_double
signed_xxy,199,98,neumann_corrected_tail,square,0.0044441806226727665,0.0044441806226727665,0.006285020510219533,29.880379805046765,29.880379805046765,36.255004229305264,6.350043961322369e-13,-75.17071728409633,3.161043155435877,3.18731221212925,59.919456471344404,1605.8019643655462,2426.3616099352466,-12.870723011224763,-12.872187090485156,0.001464079260395934,3.552713678800501e-15,True,True,exploratory_double
symmetry_x_even,199,101,neumann_corrected_tail,x_only,0.09095853629347432,0.0,0.09095853629347432,29.880379805046765,29.880379805046765,36.255004229305264,6.350043961322369e-13,-75.17071728409633,3.161043155435877,3.18731221212925,59.919456471344404,1605.8019643655462,2426.3616099352466,-12.938583992949003,-12.90527703773521,1.7763568394002505e-15,0.0333069552137939,True,True,exploratory_double
symmetry_x_even,199,101,neumann_corrected_tail,y_only,0.0,0.00010777116508131294,0.00010777116508131294,29.618887987435475,29.880379805046765,36.255004229305264,6.350043961322369e-13,-75.17071728409633,3.161043155435877,3.18731221212925,59.919456471344404,1605.8019643655462,2426.3616099352466,-12.822188876916,-12.823758683449022,0.0015698065330234101,1.7763568394002505e-15,True,True,exploratory_double
symmetry_x_even,199,101,neumann_corrected_tail,omega_up,0.0010776013412107455,0.00010776013412107456,0.0010829759448321046,29.618914752533918,29.880379805046765,36.255004229305264,6.350043961322369e-13,-75.17071728409633,3.161043155435877,3.18731221212925,59.919456471344404,1605.8019643655462,2426.3616099352466,-12.822205512308612,-12.823770434996897,0.001564922688286785,1.7763568394002505e-15,True,True,exploratory_double
symmetry_x_even,199,101,neumann_corrected_tail,square,0.00010777105474901027,0.00010777105474901027,0.00015241128725730367,29.61888825514154,29.880379805046765,36.255004229305264,6.350043961322369e-13,-75.17071728409633,3.161043155435877,3.18731221212925,59.919456471344404,1605.8019643655462,2426.3616099352466,-12.822189043303986,-12.823758800988681,0.0015697576846971373,1.7763568394002505e-15,True,True,exploratory_double
signed_xxy,199,101,neumann_corrected_tail,x_only,0.09095853629347432,0.0,0.09095853629347432,29.880379805046765,29.880379805046765,36.255004229305264,6.350043961322369e-13,-75.17071728409633,3.161043155435877,3.18731221212925,59.919456471344404,1605.8019643655462,2426.3616099352466,-12.938583992949003,-12.90527703773521,1.7763568394002505e-15,0.0333069552137939,True,True,exploratory_double
signed_xxy,199,101,neumann_corrected_tail,y_only,0.0,0.004452136992252387,0.004452136992252387,29.880379805046765,29.880379805046765,36.255004229305264,6.350043961322369e-13,-75.17071728409633,3.161043155435877,3.18731221212925,59.919456471344404,1605.8019643655462,2426.3616099352466,-12.870520538809878,-12.872068220812704,0.0015476820028279548,1.7763568394002505e-15,True,True,exploratory_double
signed_xxy,199,101,neumann_corrected_tail,omega_up,0.037298609305977885,0.0037298609305977887,0.03748463843658599,29.880379805046765,29.880379805046765,36.255004229305264,6.350043961322369e-13,-75.17071728409633,3.161043155435877,3.18731221212925,59.919456471344404,1605.8019643655462,2426.3616099352466,-12.882859162335869,-12.878523845678615,1.7763568394002505e-15,0.004335316657256172,True,True,exploratory_double
signed_xxy,199,101,neumann_corrected_tail,square,0.0044441806226727665,0.0044441806226727665,0.006285020510219533,29.880379805046765,29.880379805046765,36.255004229305264,6.350043961322369e-13,-75.17071728409633,3.161043155435877,3.18731221212925,59.919456471344404,1605.8019643655462,2426.3616099352466,-12.870723011224763,-12.872187090485156,0.001464079260395934,3.552713678800501e-15,True,True,exploratory_double
symmetry_x_even,199,200,neumann_corrected_tail,x_only,0.2,0.0,0.2,31.999162946512726,31.999162946512726,36.255004229305264,6.350043961322369e-13,-75.17071728409633,2.110382833912233,2.1279206413962686,59.919456471344404,1576.1176164691974,2402.371649694282,-13.35789251319255,-13.189512840739116,0.49815149256631486,0.6665311650197481,True,True,exploratory_double
symmetry_x_even,199,200,neumann_corrected_tail,y_only,0.0,0.0009693129713870847,0.0009693129713870847,29.67051294437147,31.999162946512726,36.255004229305264,6.350043961322369e-13,-75.17071728409633,2.110382833912233,2.1279206413962686,59.919456471344404,1576.1176164691974,2402.371649694282,-12.831759295719236,-12.83332897003801,0.0015696743187767481,1.7763568394002505e-15,True,True,exploratory_double
symmetry_x_even,199,200,neumann_corrected_tail,omega_up,0.009684079689400653,0.0009684079689400653,0.009732379638349959,29.672687096593094,31.999162946512726,36.255004229305264,6.350043961322369e-13,-75.17071728409633,2.110382833912233,2.1279206413962686,59.919456471344404,1576.1176164691974,2402.371649694282,-12.833108124735826,-12.834282778776064,0.0011746540402395311,1.7763568394002505e-15,True,True,exploratory_double
symmetry_x_even,199,200,neumann_corrected_tail,square,0.0009693039023389784,0.0009693039023389784,0.0013708027247489492,29.67053473159553,31.999162946512726,36.255004229305264,6.350043961322369e-13,-75.17071728409633,2.110382833912233,2.1279206413962686,59.919456471344404,1576.1176164691974,2402.371649694282,-12.83177281125161,-12.833338528165203,0.0015657169135945281,1.7763568394002505e-15,True,True,exploratory_double
signed_xxy,199,200,neumann_corrected_tail,x_only,0.2,0.0,0.2,31.999162946512726,31.999162946512726,36.255004229305264,6.350043961322369e-13,-75.17071728409633,2.110382833912233,2.1279206413962686,59.919456471344404,1576.1176164691974,2402.371649694282,-13.35789251319255,-13.189512840739116,0.49815149256631486,0.6665311650197481,True,True,exploratory_double
signed_xxy,199,200,neumann_corrected_tail,y_only,0.0,0.03794447096744752,0.03794447096744752,31.999162946512726,31.999162946512726,36.255004229305264,6.350043961322369e-13,-75.17071728409633,2.110382833912233,2.1279206413962686,59.919456471344404,1576.1176164691974,2402.371649694282,-13.248948351055569,-13.248381527932281,8.881784197001252e-15,0.0005668231232967003,True,True,exploratory_double
signed_xxy,199,200,neumann_corrected_tail,omega_up,0.18787956733074798,0.0187879567330748,0.1888166283424025,31.999162946512726,31.999162946512726,36.255004229305264,6.350043961322369e-13,-75.17071728409633,2.110382833912233,2.1279206413962686,59.919456471344404,1576.1176164691974,2402.371649694282,-13.555444561292019,-13.401445686453455,1.7763568394002505e-15,0.15399887483856567,True,True,exploratory_double
signed_xxy,199,200,neumann_corrected_tail,square,0.03707884628680175,0.03707884628680175,0.052437407295942304,31.999162946512726,31.999162946512726,36.255004229305264,6.350043961322369e-13,-75.17071728409633,2.110382833912233,2.1279206413962686,59.919456471344404,1576.1176164691974,2402.371649694282,-13.26279798365883,-13.256167708300586,1.7763568394002505e-15,0.006630275358245896,True,True,exploratory_double
symmetry_x_even,203,,tail_ignored,x_only,0.2,0.0,0.2,36.25353145267341,36.25353145267341,36.25353145267341,6.296756665655021e-13,-75.17761454279557,0.0,0.0,59.91872615216295,1515.3099668164991,1931.738726624266,-13.35789251319255,-13.189512840739116,2.340347094264116,2.5087267667175492,True,True,exploratory_double
symmetry_x_even,203,,tail_ignored,y_only,0.0,0.0033341587372670827,0.0033341587372670827,29.812807899181923,36.25353145267341,36.25353145267341,6.296756665655021e-13,-75.17761454279557,0.0,0.0,59.91872615216295,1515.3099668164991,1931.738726624266,-12.858065665940638,-12.8596241824487,0.001558516508064045,1.7763568394002505e-15,True,True,exploratory_double
symmetry_x_even,203,,tail_ignored,omega_up,0.033172351542497855,0.0033172351542497857,0.03333780070622012,29.845499839889676,36.25353145267341,36.25353145267341,6.296756665655021e-13,-75.17761454279557,0.0,0.0,59.91872615216295,1515.3099668164991,1931.738726624266,-12.873978254361907,-12.870881457037564,1.7763568394002505e-15,0.0030967973243445357,True,True,exploratory_double
symmetry_x_even,203,,tail_ignored,square,0.0033340237871757536,0.0033340237871757536,0.0047150216570984605,29.813068587499505,36.25353145267341,36.25353145267341,6.296756665655021e-13,-75.17761454279557,0.0,0.0,59.91872615216295,1515.3099668164991,1931.738726624266,-12.858227135014134,-12.859738640851496,0.0015115058373638135,1.7763568394002505e-15,True,True,exploratory_double
signed_xxy,203,,tail_ignored,x_only,0.2,0.0,0.2,36.25353145267341,36.25353145267341,36.25353145267341,6.296756665655021e-13,-75.17761454279557,0.0,0.0,59.91872615216295,1515.3099668164991,1931.738726624266,-13.35789251319255,-13.189512840739116,2.340347094264116,2.5087267667175492,True,True,exploratory_double
signed_xxy,203,,tail_ignored,y_only,0.0,0.097074049217229,0.097074049217229,36.25353145267341,36.25353145267341,36.25353145267341,6.296756665655021e-13,-75.17761454279557,0.0,0.0,59.91872615216295,1515.3099668164991,1931.738726624266,-13.938601059189072,-13.92403003308915,7.105427357601002e-15,0.01457102609992944,True,True,exploratory_double
signed_xxy,203,,tail_ignored,omega_up,0.2,0.020000000000000004,0.2009975124224178,36.25353145267341,36.25353145267341,36.25353145267341,6.296756665655021e-13,-75.17761454279557,0.0,0.0,59.91872615216295,1515.3099668164991,1931.738726624266,-13.637399066293009,-13.462063407637975,1.698305226636922,1.8736408852919553,True,True,exploratory_double
signed_xxy,203,,tail_ignored,square,0.09091053201082128,0.09091053201082128,0.12856690733225684,36.25353145267341,36.25353145267341,36.25353145267341,6.296756665655021e-13,-75.17761454279557,0.0,0.0,59.91872615216295,1515.3099668164991,1931.738726624266,-14.050325691639873,-13.997165899166884,3.552713678800501e-15,0.05315979247299296,True,True,exploratory_double
symmetry_x_even,203,29,neumann_corrected_tail,x_only,0.0,0.0,0.0,24.727755037823187,24.727755037823187,36.25353145267341,6.296756665655021e-13,-75.17761454279557,5.7157801294352595,5.76288820742511,59.91872615216295,1676.46195629084,2483.3405036878094,-12.820992204969132,-12.822561881283685,-2.1135601843123766,-2.1151298606269293,False,True,exploratory_double
symmetry_x_even,203,29,neumann_corrected_tail,y_only,0.0,0.0,0.0,24.727755037823187,24.727755037823187,36.25353145267341,6.296756665655021e-13,-75.17761454279557,5.7157801294352595,5.76288820742511,59.91872615216295,1676.46195629084,2483.3405036878094,-12.820992204969132,-12.822561881283685,-2.1135601843123766,-2.1151298606269293,False,True,exploratory_double
symmetry_x_even,203,29,neumann_corrected_tail,omega_up,0.0,0.0,0.0,24.727755037823187,24.727755037823187,36.25353145267341,6.296756665655021e-13,-75.17761454279557,5.7157801294352595,5.76288820742511,59.91872615216295,1676.46195629084,2483.3405036878094,-12.820992204969132,-12.822561881283685,-2.1135601843123766,-2.1151298606269293,False,True,exploratory_double
symmetry_x_even,203,29,neumann_corrected_tail,square,0.0,0.0,0.0,24.727755037823187,24.727755037823187,36.25353145267341,6.296756665655021e-13,-75.17761454279557,5.7157801294352595,5.76288820742511,59.91872615216295,1676.46195629084,2483.3405036878094,-12.820992204969132,-12.822561881283685,-2.1135601843123766,-2.1151298606269293,False,True,exploratory_double
signed_xxy,203,29,neumann_corrected_tail,x_only,0.0,0.0,0.0,24.727755037823187,24.727755037823187,36.25353145267341,6.296756665655021e-13,-75.17761454279557,5.7157801294352595,5.76288820742511,59.91872615216295,1676.46195629084,2483.3405036878094,-12.820992204969132,-12.822561881283685,-2.1135601843123766,-2.1151298606269293,False,True,exploratory_double
signed_xxy,203,29,neumann_corrected_tail,y_only,0.0,0.0,0.0,24.727755037823187,24.727755037823187,36.25353145267341,6.296756665655021e-13,-75.17761454279557,5.7157801294352595,5.76288820742511,59.91872615216295,1676.46195629084,2483.3405036878094,-12.820992204969132,-12.822561881283685,-2.1135601843123766,-2.1151298606269293,False,True,exploratory_double
signed_xxy,203,29,neumann_corrected_tail,omega_up,0.0,0.0,0.0,24.727755037823187,24.727755037823187,36.25353145267341,6.296756665655021e-13,-75.17761454279557,5.7157801294352595,5.76288820742511,59.91872615216295,1676.46195629084,2483.3405036878094,-12.820992204969132,-12.822561881283685,-2.1135601843123766,-2.1151298606269293,False,True,exploratory_double
signed_xxy,203,29,neumann_corrected_tail,square,0.0,0.0,0.0,24.727755037823187,24.727755037823187,36.25353145267341,6.296756665655021e-13,-75.17761454279557,5.7157801294352595,5.76288820742511,59.91872615216295,1676.46195629084,2483.3405036878094,-12.820992204969132,-12.822561881283685,-2.1135601843123766,-2.1151298606269293,False,True,exploratory_double
symmetry_x_even,203,31,neumann_corrected_tail,x_only,0.0,0.0,0.0,24.727755037823187,24.727755037823187,36.25353145267341,6.296756665655021e-13,-75.17761454279557,5.7157801294352595,5.76288820742511,59.91872615216295,1676.46195629084,2483.3405036878094,-12.820992204969132,-12.822561881283685,-2.1135601843123766,-2.1151298606269293,False,True,exploratory_double
symmetry_x_even,203,31,neumann_corrected_tail,y_only,0.0,0.0,0.0,24.727755037823187,24.727755037823187,36.25353145267341,6.296756665655021e-13,-75.17761454279557,5.7157801294352595,5.76288820742511,59.91872615216295,1676.46195629084,2483.3405036878094,-12.820992204969132,-12.822561881283685,-2.1135601843123766,-2.1151298606269293,False,True,exploratory_double
symmetry_x_even,203,31,neumann_corrected_tail,omega_up,0.0,0.0,0.0,24.727755037823187,24.727755037823187,36.25353145267341,6.296756665655021e-13,-75.17761454279557,5.7157801294352595,5.76288820742511,59.91872615216295,1676.46195629084,2483.3405036878094,-12.820992204969132,-12.822561881283685,-2.1135601843123766,-2.1151298606269293,False,True,exploratory_double
symmetry_x_even,203,31,neumann_corrected_tail,square,0.0,0.0,0.0,24.727755037823187,24.727755037823187,36.25353145267341,6.296756665655021e-13,-75.17761454279557,5.7157801294352595,5.76288820742511,59.91872615216295,1676.46195629084,2483.3405036878094,-12.820992204969132,-12.822561881283685,-2.1135601843123766,-2.1151298606269293,False,True,exploratory_double
signed_xxy,203,31,neumann_corrected_tail,x_only,0.0,0.0,0.0,24.727755037823187,24.727755037823187,36.25353145267341,6.296756665655021e-13,-75.17761454279557,5.7157801294352595,5.76288820742511,59.91872615216295,1676.46195629084,2483.3405036878094,-12.820992204969132,-12.822561881283685,-2.1135601843123766,-2.1151298606269293,False,True,exploratory_double
signed_xxy,203,31,neumann_corrected_tail,y_only,0.0,0.0,0.0,24.727755037823187,24.727755037823187,36.25353145267341,6.296756665655021e-13,-75.17761454279557,5.7157801294352595,5.76288820742511,59.91872615216295,1676.46195629084,2483.3405036878094,-12.820992204969132,-12.822561881283685,-2.1135601843123766,-2.1151298606269293,False,True,exploratory_double
signed_xxy,203,31,neumann_corrected_tail,omega_up,0.0,0.0,0.0,24.727755037823187,24.727755037823187,36.25353145267341,6.296756665655021e-13,-75.17761454279557,5.7157801294352595,5.76288820742511,59.91872615216295,1676.46195629084,2483.3405036878094,-12.820992204969132,-12.822561881283685,-2.1135601843123766,-2.1151298606269293,False,True,exploratory_double
signed_xxy,203,31,neumann_corrected_tail,square,0.0,0.0,0.0,24.727755037823187,24.727755037823187,36.25353145267341,6.296756665655021e-13,-75.17761454279557,5.7157801294352595,5.76288820742511,59.91872615216295,1676.46195629084,2483.3405036878094,-12.820992204969132,-12.822561881283685,-2.1135601843123766,-2.1151298606269293,False,True,exploratory_double
symmetry_x_even,203,50,neumann_corrected_tail,x_only,0.0,0.0,0.0,27.186151410768197,27.186151410768197,36.25353145267341,6.296756665655021e-13,-75.17761454279557,4.496629884541548,4.533690020952605,59.91872615216295,1643.0033332788855,2456.346333370811,-12.820992204969132,-12.822561881283685,-1.0490433285414262,-1.050613004855979,False,True,exploratory_double
symmetry_x_even,203,50,neumann_corrected_tail,y_only,0.0,0.0,0.0,27.186151410768197,27.186151410768197,36.25353145267341,6.296756665655021e-13,-75.17761454279557,4.496629884541548,4.533690020952605,59.91872615216295,1643.0033332788855,2456.346333370811,-12.820992204969132,-12.822561881283685,-1.0490433285414262,-1.050613004855979,False,True,exploratory_double
symmetry_x_even,203,50,neumann_corrected_tail,omega_up,0.0,0.0,0.0,27.186151410768197,27.186151410768197,36.25353145267341,6.296756665655021e-13,-75.17761454279557,4.496629884541548,4.533690020952605,59.91872615216295,1643.0033332788855,2456.346333370811,-12.820992204969132,-12.822561881283685,-1.0490433285414262,-1.050613004855979,False,True,exploratory_double
symmetry_x_even,203,50,neumann_corrected_tail,square,0.0,0.0,0.0,27.186151410768197,27.186151410768197,36.25353145267341,6.296756665655021e-13,-75.17761454279557,4.496629884541548,4.533690020952605,59.91872615216295,1643.0033332788855,2456.346333370811,-12.820992204969132,-12.822561881283685,-1.0490433285414262,-1.050613004855979,False,True,exploratory_double
signed_xxy,203,50,neumann_corrected_tail,x_only,0.0,0.0,0.0,27.186151410768197,27.186151410768197,36.25353145267341,6.296756665655021e-13,-75.17761454279557,4.496629884541548,4.533690020952605,59.91872615216295,1643.0033332788855,2456.346333370811,-12.820992204969132,-12.822561881283685,-1.0490433285414262,-1.050613004855979,False,True,exploratory_double
signed_xxy,203,50,neumann_corrected_tail,y_only,0.0,0.0,0.0,27.186151410768197,27.186151410768197,36.25353145267341,6.296756665655021e-13,-75.17761454279557,4.496629884541548,4.533690020952605,59.91872615216295,1643.0033332788855,2456.346333370811,-12.820992204969132,-12.822561881283685,-1.0490433285414262,-1.050613004855979,False,True,exploratory_double
signed_xxy,203,50,neumann_corrected_tail,omega_up,0.0,0.0,0.0,27.186151410768197,27.186151410768197,36.25353145267341,6.296756665655021e-13,-75.17761454279557,4.496629884541548,4.533690020952605,59.91872615216295,1643.0033332788855,2456.346333370811,-12.820992204969132,-12.822561881283685,-1.0490433285414262,-1.050613004855979,False,True,exploratory_double
signed_xxy,203,50,neumann_corrected_tail,square,0.0,0.0,0.0,27.186151410768197,27.186151410768197,36.25353145267341,6.296756665655021e-13,-75.17761454279557,4.496629884541548,4.533690020952605,59.91872615216295,1643.0033332788855,2456.346333370811,-12.820992204969132,-12.822561881283685,-1.0490433285414262,-1.050613004855979,False,True,exploratory_double
symmetry_x_even,203,98,neumann_corrected_tail,x_only,0.09103209242278669,0.0,0.09103209242278669,29.880812711435098,29.880812711435098,36.25353145267341,6.296756665655021e-13,-75.17761454279557,3.1603128362544197,3.186359370619154,59.91872615216295,1605.7884123237702,2426.2956711799657,-12.938771446913881,-12.905407925292694,1.7763568394002505e-15,0.0333635216211885,True,True,exploratory_double
symmetry_x_even,203,98,neumann_corrected_tail,y_only,0.0,0.00010794815059138997,0.00010794815059138997,29.618898580943327,29.880812711435098,36.25353145267341,6.296756665655021e-13,-75.17761454279557,3.1603128362544197,3.186359370619154,59.91872615216295,1605.7884123237702,2426.2956711799657,-12.822190842223623,-12.823760648943706,0.0015698067200844434,1.7763568394002505e-15,True,True,exploratory_double
symmetry_x_even,203,98,neumann_corrected_tail,omega_up,0.0010793708306661546,0.00010793708306661547,0.0010847542597260792,29.61892543403078,29.880812711435098,36.25353145267341,6.296756665655021e-13,-75.17761454279557,3.1603128362544197,3.186359370619154,59.91872615216295,1605.7884123237702,2426.2956711799657,-12.822207532304873,-12.823772439126381,0.0015649068215104478,1.7763568394002505e-15,True,True,exploratory_double
symmetry_x_even,203,98,neumann_corrected_tail,square,0.00010794803989332724,0.00010794803989332724,0.00015266158204873528,29.618898849529558,29.880812711435098,36.25353145267341,6.296756665655021e-13,-75.17761454279557,3.1603128362544197,3.186359370619154,59.91872615216295,1605.7884123237702,2426.2956711799657,-12.822191009158674,-12.823760766869835,0.0015697577111630778,1.7763568394002505e-15,True,True,exploratory_double
signed_xxy,203,98,neumann_corrected_tail,x_only,0.09103209242278669,0.0,0.09103209242278669,29.880812711435098,29.880812711435098,36.25353145267341,6.296756665655021e-13,-75.17761454279557,3.1603128362544197,3.186359370619154,59.91872615216295,1605.7884123237702,2426.2956711799657,-12.938771446913881,-12.905407925292694,1.7763568394002505e-15,0.0333635216211885,True,True,exploratory_double
signed_xxy,203,98,neumann_corrected_tail,y_only,0.0,0.0044592890713155975,0.0044592890713155975,29.880812711435098,29.880812711435098,36.25353145267341,6.296756665655021e-13,-75.17761454279557,3.1603128362544197,3.186359370619154,59.91872615216295,1605.7884123237702,2426.2956711799657,-12.870600255014638,-12.872147856130816,0.0015476011161794645,1.7763568394002505e-15,True,True,exploratory_double
signed_xxy,203,98,neumann_corrected_tail,omega_up,0.0373489296349333,0.0037348929634933303,0.03753520974130758,29.880812711435098,29.880812711435098,36.25353145267341,6.296756665655021e-13,-75.17761454279557,3.1603128362544197,3.186359370619154,59.91872615216295,1605.7884123237702,2426.2956711799657,-12.882970628344182,-12.878619302155483,1.7763568394002505e-15,0.00435132618870071,True,True,exploratory_double
signed_xxy,203,98,neumann_corrected_tail,square,0.004451306894478313,0.004451306894478313,0.006295098580456094,29.880812711435098,29.880812711435098,36.25353145267341,6.296756665655021e-13,-75.17761454279557,3.1603128362544197,3.186359370619154,59.91872615216295,1605.7884123237702,2426.2956711799657,-12.870803383920586,-12.872267113096369,0.0014637291757839677,1.7763568394002505e-15,True,True,exploratory_double
symmetry_x_even,203,101,neumann_corrected_tail,x_only,0.09103209242278669,0.0,0.09103209242278669,29.880812711435098,29.880812711435098,36.25353145267341,6.296756665655021e-13,-75.17761454279557,3.1603128362544197,3.186359370619154,59.91872615216295,1605.7884123237702,2426.2956711799657,-12.938771446913881,-12.905407925292694,1.7763568394002505e-15,0.0333635216211885,True,True,exploratory_double
symmetry_x_even,203,101,neumann_corrected_tail,y_only,0.0,0.00010794815059138997,0.00010794815059138997,29.618898580943327,29.880812711435098,36.25353145267341,6.296756665655021e-13,-75.17761454279557,3.1603128362544197,3.186359370619154,59.91872615216295,1605.7884123237702,2426.2956711799657,-12.822190842223623,-12.823760648943706,0.0015698067200844434,1.7763568394002505e-15,True,True,exploratory_double
symmetry_x_even,203,101,neumann_corrected_tail,omega_up,0.0010793708306661546,0.00010793708306661547,0.0010847542597260792,29.61892543403078,29.880812711435098,36.25353145267341,6.296756665655021e-13,-75.17761454279557,3.1603128362544197,3.186359370619154,59.91872615216295,1605.7884123237702,2426.2956711799657,-12.822207532304873,-12.823772439126381,0.0015649068215104478,1.7763568394002505e-15,True,True,exploratory_double
symmetry_x_even,203,101,neumann_corrected_tail,square,0.00010794803989332724,0.00010794803989332724,0.00015266158204873528,29.618898849529558,29.880812711435098,36.25353145267341,6.296756665655021e-13,-75.17761454279557,3.1603128362544197,3.186359370619154,59.91872615216295,1605.7884123237702,2426.2956711799657,-12.822191009158674,-12.823760766869835,0.0015697577111630778,1.7763568394002505e-15,True,True,exploratory_double
signed_xxy,203,101,neumann_corrected_tail,x_only,0.09103209242278669,0.0,0.09103209242278669,29.880812711435098,29.880812711435098,36.25353145267341,6.296756665655021e-13,-75.17761454279557,3.1603128362544197,3.186359370619154,59.91872615216295,1605.7884123237702,2426.2956711799657,-12.938771446913881,-12.905407925292694,1.7763568394002505e-15,0.0333635216211885,True,True,exploratory_double
signed_xxy,203,101,neumann_corrected_tail,y_only,0.0,0.0044592890713155975,0.0044592890713155975,29.880812711435098,29.880812711435098,36.25353145267341,6.296756665655021e-13,-75.17761454279557,3.1603128362544197,3.186359370619154,59.91872615216295,1605.7884123237702,2426.2956711799657,-12.870600255014638,-12.872147856130816,0.0015476011161794645,1.7763568394002505e-15,True,True,exploratory_double
signed_xxy,203,101,neumann_corrected_tail,omega_up,0.0373489296349333,0.0037348929634933303,0.03753520974130758,29.880812711435098,29.880812711435098,36.25353145267341,6.296756665655021e-13,-75.17761454279557,3.1603128362544197,3.186359370619154,59.91872615216295,1605.7884123237702,2426.2956711799657,-12.882970628344182,-12.878619302155483,1.7763568394002505e-15,0.00435132618870071,True,True,exploratory_double
signed_xxy,203,101,neumann_corrected_tail,square,0.004451306894478313,0.004451306894478313,0.006295098580456094,29.880812711435098,29.880812711435098,36.25353145267341,6.296756665655021e-13,-75.17761454279557,3.1603128362544197,3.186359370619154,59.91872615216295,1605.7884123237702,2426.2956711799657,-12.870803383920586,-12.872267113096369,0.0014637291757839677,1.7763568394002505e-15,True,True,exploratory_double
symmetry_x_even,203,200,neumann_corrected_tail,x_only,0.2,0.0,0.2,31.9994519312108,31.9994519312108,36.25353145267341,6.296756665655021e-13,-75.17761454279557,2.109652514730776,2.127039760731304,59.91872615216295,1576.108465877903,2402.309557973619,-13.35789251319255,-13.189512840739116,0.49827662661123284,0.6666562990646661,True,True,exploratory_double
symmetry_x_even,203,200,neumann_corrected_tail,y_only,0.0,0.0009694547783763022,0.0009694547783763022,29.670521451094213,31.9994519312108,36.25353145267341,6.296756665655021e-13,-75.17761454279557,2.109652514730776,2.127039760731304,59.91872615216295,1576.108465877903,2402.309557973619,-12.831760871565516,-12.833330545690515,0.001569674125001086,1.7763568394002505e-15,True,True,exploratory_double
symmetry_x_even,203,200,neumann_corrected_tail,omega_up,0.009685494877052163,0.0009685494877052164,0.00973380188433778,29.672696239526108,31.9994519312108,36.25353145267341,6.296756665655021e-13,-75.17761454279557,2.109652514730776,2.127039760731304,59.91872615216295,1576.108465877903,2402.309557973619,-12.833110095448205,-12.83428463373348,0.0011745382852765829,1.7763568394002505e-15,True,True,exploratory_double
symmetry_x_even,203,200,neumann_corrected_tail,square,0.0009694457064363415,0.0009694457064363415,0.0013710032660266401,29.67054324470229,31.9994519312108,36.25353145267341,6.296756665655021e-13,-75.17761454279557,2.109652514730776,2.127039760731304,59.91872615216295,1576.108465877903,2402.309557973619,-12.831774391059504,-12.833340106620367,0.0015657155608650442,1.7763568394002505e-15,True,True,exploratory_double
signed_xxy,203,200,neumann_corrected_tail,x_only,0.2,0.0,0.2,31.9994519312108,31.9994519312108,36.25353145267341,6.296756665655021e-13,-75.17761454279557,2.109652514730776,2.127039760731304,59.91872615216295,1576.108465877903,2402.309557973619,-13.35789251319255,-13.189512840739116,0.49827662661123284,0.6666562990646661,True,True,exploratory_double
signed_xxy,203,200,neumann_corrected_tail,y_only,0.0,0.037948830598192033,0.037948830598192033,31.9994519312108,31.9994519312108,36.25353145267341,6.296756665655021e-13,-75.17761454279557,2.109652514730776,2.127039760731304,59.91872615216295,1576.108465877903,2402.309557973619,-13.248998249517529,-13.24843090903548,1.7763568394002505e-15,0.0005673404820498718,True,True,exploratory_double
signed_xxy,203,200,neumann_corrected_tail,omega_up,0.18789448149706117,0.01878944814970612,0.18883161689404654,31.9994519312108,31.9994519312108,36.25353145267341,6.296756665655021e-13,-75.17761454279557,2.109652514730776,2.127039760731304,59.91872615216295,1576.108465877903,2402.309557973619,-13.555543118363532,-13.401518879527252,1.7763568394002505e-15,0.15402423883628202,True,True,exploratory_double
signed_xxy,203,200,neumann_corrected_tail,square,0.03708300025862804,0.03708300025862804,0.05244328189923676,31.9994519312108,31.9994519312108,36.25353145267341,6.296756665655021e-13,-75.17761454279557,2.109652514730776,2.127039760731304,59.91872615216295,1576.108465877903,2402.309557973619,-13.262851297683257,-13.2562191161305,3.552713678800501e-15,0.00663218155276013,True,True,exploratory_double
