model,J,M,M_cluster_complete,tail_mode,cell_shape,rx,ry,distance,lambda_xx_cell_lower,lambda_xx0,lambda_xx_finite,lambda_xxx_finite,lambda_xxy_finite,lambda_xx_tail_energy,lambda_xx_tail_bound,old_dirichlet_tail_energy,M_xxx,M_xxy,Rxx1_lower,Rxx2_lower,Jxx1_lower,Jxx2_lower,success,cluster_complete,rigorous_flag
symmetry_x_even,30,,,tail_ignored,x_only,0.2,0.0,0.2,36.393407478299366,36.393407478299366,36.393407478299366,7.201517969142668e-13,-75.02124572679011,0.0,0.0,59.98661458062692,1513.227076542765,1929.4845334807262,-13.35789251319255,-13.189512840739116,2.400915190050359,2.569294862503792,True,True,exploratory_double
symmetry_x_even,30,,,tail_ignored,y_only,0.0,0.003408230787800825,0.003408230787800825,29.817278886704845,36.393407478299366,36.393407478299366,7.201517969142668e-13,-75.02124572679011,0.0,0.0,59.98661458062692,1513.227076542765,1929.4845334807262,-12.858890500210748,-12.860448409850832,0.0015579096400859527,1.7763568394002505e-15,True,True,exploratory_double
symmetry_x_even,30,,,tail_ignored,omega_up,0.033904434781652976,0.0033904434781652977,0.03407353525600174,29.851599225538827,36.393407478299366,36.393407478299366,7.201517969142668e-13,-75.02124572679011,0.0,0.0,59.98661458062692,1513.227076542765,1929.4845334807262,-12.875516556500731,-12.872210719279124,1.7763568394002505e-15,0.0033058372216085985,True,True,exploratory_double
symmetry_x_even,30,,,tail_ignored,square,0.003408089539495919,0.003408089539495919,0.004819766448537004,29.81755142312454,36.393407478299366,36.393407478299366,7.201517969142668e-13,-75.02124572679011,0.0,0.0,59.98661458062692,1513.227076542765,1929.4845334807262,-12.859059282179137,-12.86056806298808,0.0015087808089440102,1.7763568394002505e-15,True,True,exploratory_double
signed_xxy,30,,,tail_ignored,x_only,0.2,0.0,0.2,36.393407478299366,36.393407478299366,36.393407478299366,7.201517969142668e-13,-75.02124572679011,0.0,0.0,59.98661458062692,1513.227076542765,1929.4845334807262,-13.35789251319255,-13.189512840739116,2.400915190050359,2.569294862503792,True,True,exploratory_double
signed_xxy,30,,,tail_ignored,y_only,0.0,0.09886373270055941,0.09886373270055941,36.393407478299366,36.393407478299366,36.393407478299366,7.201517969142668e-13,-75.02124572679011,0.0,0.0,59.98661458062692,1513.227076542765,1929.4845334807262,-13.959813648744342,-13.944573664577215,1.7763568394002505e-15,0.01523998416712935,True,True,exploratory_double
signed_xxy,30,,,tail_ignored,omega_up,0.2,0.020000000000000004,0.2009975124224178,36.393407478299366,36.393407478299366,36.393407478299366,7.201517969142668e-13,-75.02124572679011,0.0,0.0,59.98661458062692,1513.227076542765,1929.4845334807262,-13.637399066293009,-13.462063407637975,1.7574745621669052,1.9328102208219384,True,True,exploratory_double
signed_xxy,30,,,tail_ignored,square,0.09245855932833408,0.09245855932833408,0.1307561485596075,36.393407478299366,36.393407478299366,36.393407478299366,7.201517969142668e-13,-75.02124572679011,0.0,0.0,59.98661458062692,1513.227076542765,1929.4845334807262,-14.076366690996611,-14.021156712206315,8.881784197001252e-15,0.055209978790305314,True,True,exploratory_double
symmetry_x_even,30,5,True,neumann_corrected_tail,x_only,0.0,0.0,0.0,-17.142481704878627,-17.142481704878627,36.393407478299366,7.201517969142668e-13,-75.02124572679011,25.49328056341809,26.767944591588996,59.98661458062692,2225.2719496651343,2960.882491138505,-12.820992204969132,-12.822561881283685,-20.243904525136564,-20.245474201451117,False,True,exploratory_double
symmetry_x_even,30,5,True,neumann_corrected_tail,y_only,0.0,0.0,0.0,-17.142481704878627,-17.142481704878627,36.393407478299366,7.201517969142668e-13,-75.02124572679011,25.49328056341809,26.767944591588996,59.98661458062692,2225.2719496651343,2960.882491138505,-12.820992204969132,-12.822561881283685,-20.243904525136564,-20.245474201451117,False,True,exploratory_double
symmetry_x_even,30,5,True,neumann_corrected_tail,omega_up,0.0,0.0,0.0,-17.142481704878627,-17.142481704878627,36.393407478299366,7.201517969142668e-13,-75.02124572679011,25.49328056341809,26.767944591588996,59.98661458062692,2225.2719496651343,2960.882491138505,-12.820992204969132,-12.822561881283685,-20.243904525136564,-20.245474201451117,False,True,exploratory_double
symmetry_x_even,30,5,True,neumann_corrected_tail,square,0.0,0.0,0.0,-17.142481704878627,-17.142481704878627,36.393407478299366,7.201517969142668e-13,-75.02124572679011,25.49328056341809,26.767944591588996,59.98661458062692,2225.2719496651343,2960.882491138505,-12.820992204969132,-12.822561881283685,-20.243904525136564,-20.245474201451117,False,True,exploratory_double
signed_xxy,30,5,True,neumann_corrected_tail,x_only,0.0,0.0,0.0,-17.142481704878627,-17.142481704878627,36.393407478299366,7.201517969142668e-13,-75.02124572679011,25.49328056341809,26.767944591588996,59.98661458062692,2225.2719496651343,2960.882491138505,-12.820992204969132,-12.822561881283685,-20.243904525136564,-20.245474201451117,False,True,exploratory_double
signed_xxy,30,5,True,neumann_corrected_tail,y_only,0.0,0.0,0.0,-17.142481704878627,-17.142481704878627,36.393407478299366,7.201517969142668e-13,-75.02124572679011,25.49328056341809,26.767944591588996,59.98661458062692,2225.2719496651343,2960.882491138505,-12.820992204969132,-12.822561881283685,-20.243904525136564,-20.245474201451117,False,True,exploratory_double
signed_xxy,30,5,True,neumann_corrected_tail,omega_up,0.0,0.0,0.0,-17.142481704878627,-17.142481704878627,36.393407478299366,7.201517969142668e-13,-75.02124572679011,25.49328056341809,26.767944591588996,59.98661458062692,2225.2719496651343,2960.882491138505,-12.820992204969132,-12.822561881283685,-20.243904525136564,-20.245474201451117,False,True,exploratory_double
signed_xxy,30,5,True,neumann_corrected_tail,square,0.0,0.0,0.0,-17.142481704878627,-17.142481704878627,36.393407478299366,7.201517969142668e-13,-75.02124572679011,25.49328056341809,26.767944591588996,59.98661458062692,2225.2719496651343,2960.882491138505,-12.820992204969132,-12.822561881283685,-20.243904525136564,-20.245474201451117,False,True,exploratory_double
symmetry_x_even,30,6,False,neumann_corrected_tail,x_only,0.0,0.0,0.0,-17.142481704878627,-17.142481704878627,36.393407478299366,7.201517969142668e-13,-75.02124572679011,25.49328056341809,26.767944591588996,59.98661458062692,2225.2719496651343,2960.882491138505,-12.820992204969132,-12.822561881283685,-20.243904525136564,-20.245474201451117,False,True,exploratory_double
symmetry_x_even,30,6,False,neumann_corrected_tail,y_only,0.0,0.0,0.0,-17.142481704878627,-17.142481704878627,36.393407478299366,7.201517969142668e-13,-75.02124572679011,25.49328056341809,26.767944591588996,59.98661458062692,2225.2719496651343,2960.882491138505,-12.820992204969132,-12.822561881283685,-20.243904525136564,-20.245474201451117,False,True,exploratory_double
symmetry_x_even,30,6,False,neumann_corrected_tail,omega_up,0.0,0.0,0.0,-17.142481704878627,-17.142481704878627,36.393407478299366,7.201517969142668e-13,-75.02124572679011,25.49328056341809,26.767944591588996,59.98661458062692,2225.2719496651343,2960.882491138505,-12.820992204969132,-12.822561881283685,-20.243904525136564,-20.245474201451117,False,True,exploratory_double
symmetry_x_even,30,6,False,neumann_corrected_tail,square,0.0,0.0,0.0,-17.142481704878627,-17.142481704878627,36.393407478299366,7.201517969142668e-13,-75.02124572679011,25.49328056341809,26.767944591588996,59.98661458062692,2225.2719496651343,2960.882491138505,-12.820992204969132,-12.822561881283685,-20.243904525136564,-20.245474201451117,False,True,exploratory_double
signed_xxy,30,6,False,neumann_corrected_tail,x_only,0.0,0.0,0.0,-17.142481704878627,-17.142481704878627,36.393407478299366,7.201517969142668e-13,-75.02124572679011,25.49328056341809,26.767944591588996,59.98661458062692,2225.2719496651343,2960.882491138505,-12.820992204969132,-12.822561881283685,-20.243904525136564,-20.245474201451117,False,True,exploratory_double
signed_xxy,30,6,False,neumann_corrected_tail,y_only,0.0,0.0,0.0,-17.142481704878627,-17.142481704878627,36.393407478299366,7.201517969142668e-13,-75.02124572679011,25.49328056341809,26.767944591588996,59.98661458062692,2225.2719496651343,2960.882491138505,-12.820992204969132,-12.822561881283685,-20.243904525136564,-20.245474201451117,False,True,exploratory_double
signed_xxy,30,6,False,neumann_corrected_tail,omega_up,0.0,0.0,0.0,-17.142481704878627,-17.142481704878627,36.393407478299366,7.201517969142668e-13,-75.02124572679011,25.49328056341809,26.767944591588996,59.98661458062692,2225.2719496651343,2960.882491138505,-12.820992204969132,-12.822561881283685,-20.243904525136564,-20.245474201451117,False,True,exploratory_double
signed_xxy,30,6,False,neumann_corrected_tail,square,0.0,0.0,0.0,-17.142481704878627,-17.142481704878627,36.393407478299366,7.201517969142668e-13,-75.02124572679011,25.49328056341809,26.767944591588996,59.98661458062692,2225.2719496651343,2960.882491138505,-12.820992204969132,-12.822561881283685,-20.243904525136564,-20.245474201451117,False,True,exploratory_double
symmetry_x_even,30,7,True,neumann_corrected_tail,x_only,0.0,0.0,0.0,9.783495598877394,9.783495598877394,36.393407478299366,7.201517969142668e-13,-75.02124572679011,12.671386609248557,13.304955939710986,59.98661458062692,1888.6528354515472,2689.5237138349826,-12.820992204969132,-12.822561881283685,-8.584614341748594,-8.586184018063147,False,True,exploratory_double
symmetry_x_even,30,7,True,neumann_corrected_tail,y_only,0.0,0.0,0.0,9.783495598877394,9.783495598877394,36.393407478299366,7.201517969142668e-13,-75.02124572679011,12.671386609248557,13.304955939710986,59.98661458062692,1888.6528354515472,2689.5237138349826,-12.820992204969132,-12.822561881283685,-8.584614341748594,-8.586184018063147,False,True,exploratory_double
symmetry_x_even,30,7,True,neumann_corrected_tail,omega_up,0.0,0.0,0.0,9.783495598877394,9.783495598877394,36.393407478299366,7.201517969142668e-13,-75.02124572679011,12.671386609248557,13.304955939710986,59.98661458062692,1888.6528354515472,2689.5237138349826,-12.820992204969132,-12.822561881283685,-8.584614341748594,-8.586184018063147,False,True,exploratory_double
symmetry_x_even,30,7,True,neumann_corrected_tail,square,0.0,0.0,0.0,9.783495598877394,9.783495598877394,36.393407478299366,7.201517969142668e-13,-75.02124572679011,12.671386609248557,13.304955939710986,59.98661458062692,1888.6528354515472,2689.5237138349826,-12.820992204969132,-12.822561881283685,-8.584614341748594,-8.586184018063147,False,True,exploratory_double
signed_xxy,30,7,True,neumann_corrected_tail,x_only,0.0,0.0,0.0,9.783495598877394,9.783495598877394,36.393407478299366,7.201517969142668e-13,-75.02124572679011,12.671386609248557,13.304955939710986,59.98661458062692,1888.6528354515472,2689.5237138349826,-12.820992204969132,-12.822561881283685,-8.584614341748594,-8.586184018063147,False,True,exploratory_double
signed_xxy,30,7,True,neumann_corrected_tail,y_only,0.0,0.0,0.0,9.783495598877394,9.783495598877394,36.393407478299366,7.201517969142668e-13,-75.02124572679011,12.671386609248557,13.304955939710986,59.98661458062692,1888.6528354515472,2689.5237138349826,-12.820992204969132,-12.822561881283685,-8.584614341748594,-8.586184018063147,False,True,exploratory_double
signed_xxy,30,7,True,neumann_corrected_tail,omega_up,0.0,0.0,0.0,9.783495598877394,9.783495598877394,36.393407478299366,7.201517969142668e-13,-75.02124572679011,12.671386609248557,13.304955939710986,59.98661458062692,1888.6528354515472,2689.5237138349826,-12.820992204969132,-12.822561881283685,-8.584614341748594,-8.586184018063147,False,True,exploratory_double
signed_xxy,30,7,True,neumann_corrected_tail,square,0.0,0.0,0.0,9.783495598877394,9.783495598877394,36.393407478299366,7.201517969142668e-13,-75.02124572679011,12.671386609248557,13.304955939710986,59.98661458062692,1888.6528354515472,2689.5237138349826,-12.820992204969132,-12.822561881283685,-8.584614341748594,-8.586184018063147,False,True,exploratory_double
symmetry_x_even,30,8,False,neumann_corrected_tail,x_only,0.0,0.0,0.0,9.783495598877394,9.783495598877394,36.393407478299366,7.201517969142668e-13,-75.02124572679011,12.671386609248557,13.304955939710986,59.98661458062692,1888.6528354515472,2689.5237138349826,-12.820992204969132,-12.822561881283685,-8.584614341748594,-8.586184018063147,False,True,exploratory_double
symmetry_x_even,30,8,False,neumann_corrected_tail,y_only,0.0,0.0,0.0,9.783495598877394,9.783495598877394,36.393407478299366,7.201517969142668e-13,-75.02124572679011,12.671386609248557,13.304955939710986,59.98661458062692,1888.6528354515472,2689.5237138349826,-12.820992204969132,-12.822561881283685,-8.584614341748594,-8.586184018063147,False,True,exploratory_double
symmetry_x_even,30,8,False,neumann_corrected_tail,omega_up,0.0,0.0,0.0,9.783495598877394,9.783495598877394,36.393407478299366,7.201517969142668e-13,-75.02124572679011,12.671386609248557,13.304955939710986,59.98661458062692,1888.6528354515472,2689.5237138349826,-12.820992204969132,-12.822561881283685,-8.584614341748594,-8.586184018063147,False,True,exploratory_double
symmetry_x_even,30,8,False,neumann_corrected_tail,square,0.0,0.0,0.0,9.783495598877394,9.783495598877394,36.393407478299366,7.201517969142668e-13,-75.02124572679011,12.671386609248557,13.304955939710986,59.98661458062692,1888.6528354515472,2689.5237138349826,-12.820992204969132,-12.822561881283685,-8.584614341748594,-8.586184018063147,False,True,exploratory_double
signed_xxy,30,8,False,neumann_corrected_tail,x_only,0.0,0.0,0.0,9.783495598877394,9.783495598877394,36.393407478299366,7.201517969142668e-13,-75.02124572679011,12.671386609248557,13.304955939710986,59.98661458062692,1888.6528354515472,2689.5237138349826,-12.820992204969132,-12.822561881283685,-8.584614341748594,-8.586184018063147,False,True,exploratory_double
signed_xxy,30,8,False,neumann_corrected_tail,y_only,0.0,0.0,0.0,9.783495598877394,9.783495598877394,36.393407478299366,7.201517969142668e-13,-75.02124572679011,12.671386609248557,13.304955939710986,59.98661458062692,1888.6528354515472,2689.5237138349826,-12.820992204969132,-12.822561881283685,-8.584614341748594,-8.586184018063147,False,True,exploratory_double
signed_xxy,30,8,False,neumann_corrected_tail,omega_up,0.0,0.0,0.0,9.783495598877394,9.783495598877394,36.393407478299366,7.201517969142668e-13,-75.02124572679011,12.671386609248557,13.304955939710986,59.98661458062692,1888.6528354515472,2689.5237138349826,-12.820992204969132,-12.822561881283685,-8.584614341748594,-8.586184018063147,False,True,exploratory_double
signed_xxy,30,8,False,neumann_corrected_tail,square,0.0,0.0,0.0,9.783495598877394,9.783495598877394,36.393407478299366,7.201517969142668e-13,-75.02124572679011,12.671386609248557,13.304955939710986,59.98661458062692,1888.6528354515472,2689.5237138349826,-12.820992204969132,-12.822561881283685,-8.584614341748594,-8.586184018063147,False,True,exploratory_double
symmetry_x_even,30,9,True,neumann_corrected_tail,x_only,0.0,0.0,0.0,9.783495598877394,9.783495598877394,36.393407478299366,7.201517969142668e-13,-75.02124572679011,12.671386609248557,13.304955939710986,59.98661458062692,1888.6528354515472,2689.5237138349826,-12.820992204969132,-12.822561881283685,-8.584614341748594,-8.586184018063147,False,True,exploratory_double
symmetry_x_even,30,9,True,neumann_corrected_tail,y_only,0.0,0.0,0.0,9.783495598877394,9.783495598877394,36.393407478299366,7.201517969142668e-13,-75.02124572679011,12.671386609248557,13.304955939710986,59.98661458062692,1888.6528354515472,2689.5237138349826,-12.820992204969132,-12.822561881283685,-8.584614341748594,-8.586184018063147,False,True,exploratory_double
symmetry_x_even,30,9,True,neumann_corrected_tail,omega_up,0.0,0.0,0.0,9.783495598877394,9.783495598877394,36.393407478299366,7.201517969142668e-13,-75.02124572679011,12.671386609248557,13.304955939710986,59.98661458062692,1888.6528354515472,2689.5237138349826,-12.820992204969132,-12.822561881283685,-8.584614341748594,-8.586184018063147,False,True,exploratory_double
symmetry_x_even,30,9,True,neumann_corrected_tail,square,0.0,0.0,0.0,9.783495598877394,9.783495598877394,36.393407478299366,7.201517969142668e-13,-75.02124572679011,12.671386609248557,13.304955939710986,59.98661458062692,1888.6528354515472,2689.5237138349826,-12.820992204969132,-12.822561881283685,-8.584614341748594,-8.586184018063147,False,True,exploratory_double
signed_xxy,30,9,True,neumann_corrected_tail,x_only,0.0,0.0,0.0,9.783495598877394,9.783495598877394,36.393407478299366,7.201517969142668e-13,-75.02124572679011,12.671386609248557,13.304955939710986,59.98661458062692,1888.6528354515472,2689.5237138349826,-12.820992204969132,-12.822561881283685,-8.584614341748594,-8.586184018063147,False,True,exploratory_double
signed_xxy,30,9,True,neumann_corrected_tail,y_only,0.0,0.0,0.0,9.783495598877394,9.783495598877394,36.393407478299366,7.201517969142668e-13,-75.02124572679011,12.671386609248557,13.304955939710986,59.98661458062692,1888.6528354515472,2689.5237138349826,-12.820992204969132,-12.822561881283685,-8.584614341748594,-8.586184018063147,False,True,exploratory_double
signed_xxy,30,9,True,neumann_corrected_tail,omega_up,0.0,0.0,0.0,9.783495598877394,9.783495598877394,36.393407478299366,7.201517969142668e-13,-75.02124572679011,12.671386609248557,13.304955939710986,59.98661458062692,1888.6528354515472,2689.5237138349826,-12.820992204969132,-12.822561881283685,-8.584614341748594,-8.586184018063147,False,True,exploratory_double
signed_xxy,30,9,True,neumann_corrected_tail,square,0.0,0.0,0.0,9.783495598877394,9.783495598877394,36.393407478299366,7.201517969142668e-13,-75.02124572679011,12.671386609248557,13.304955939710986,59.98661458062692,1888.6528354515472,2689.5237138349826,-12.820992204969132,-12.822561881283685,-8.584614341748594,-8.586184018063147,False,True,exploratory_double
symmetry_x_even,30,10,True,neumann_corrected_tail,x_only,0.0,0.0,0.0,9.783495598877394,9.783495598877394,36.393407478299366,7.201517969142668e-13,-75.02124572679011,12.671386609248557,13.304955939710986,59.98661458062692,1888.6528354515472,2689.5237138349826,-12.820992204969132,-12.822561881283685,-8.584614341748594,-8.586184018063147,False,True,exploratory_double
symmetry_x_even,30,10,True,neumann_corrected_tail,y_only,0.0,0.0,0.0,9.783495598877394,9.783495598877394,36.393407478299366,7.201517969142668e-13,-75.02124572679011,12.671386609248557,13.304955939710986,59.98661458062692,1888.6528354515472,2689.5237138349826,-12.820992204969132,-12.822561881283685,-8.584614341748594,-8.586184018063147,False,True,exploratory_double
symmetry_x_even,30,10,True,neumann_corrected_tail,omega_up,0.0,0.0,0.0,9.783495598877394,9.783495598877394,36.393407478299366,7.201517969142668e-13,-75.02124572679011,12.671386609248557,13.304955939710986,59.98661458062692,1888.6528354515472,2689.5237138349826,-12.820992204969132,-12.822561881283685,-8.584614341748594,-8.586184018063147,False,True,exploratory_double
symmetry_x_even,30,10,True,neumann_corrected_tail,square,0.0,0.0,0.0,9.783495598877394,9.783495598877394,36.393407478299366,7.201517969142668e-13,-75.02124572679011,12.671386609248557,13.304955939710986,59.98661458062692,1888.6528354515472,2689.5237138349826,-12.820992204969132,-12.822561881283685,-8.584614341748594,-8.586184018063147,False,True,exploratory_double
signed_xxy,30,10,True,neumann_corrected_tail,x_only,0.0,0.0,0.0,9.783495598877394,9.783495598877394,36.393407478299366,7.201517969142668e-13,-75.02124572679011,12.671386609248557,13.304955939710986,59.98661458062692,1888.6528354515472,2689.5237138349826,-12.820992204969132,-12.822561881283685,-8.584614341748594,-8.586184018063147,False,True,exploratory_double
signed_xxy,30,10,True,neumann_corrected_tail,y_only,0.0,0.0,0.0,9.783495598877394,9.783495598877394,36.393407478299366,7.201517969142668e-13,-75.02124572679011,12.671386609248557,13.304955939710986,59.98661458062692,1888.6528354515472,2689.5237138349826,-12.820992204969132,-12.822561881283685,-8.584614341748594,-8.586184018063147,False,True,exploratory_double
signed_xxy,30,10,True,neumann_corrected_tail,omega_up,0.0,0.0,0.0,9.783495598877394,9.783495598877394,36.393407478299366,7.201517969142668e-13,-75.02124572679011,12.671386609248557,13.304955939710986,59.98661458062692,1888.6528354515472,2689.5237138349826,-12.820992204969132,-12.822561881283685,-8.584614341748594,-8.586184018063147,False,True,exploratory_double
signed_xxy,30,10,True,neumann_corrected_tail,square,0.0,0.0,0.0,9.783495598877394,9.783495598877394,36.393407478299366,7.201517969142668e-13,-75.02124572679011,12.671386609248557,13.304955939710986,59.98661458062692,1888.6528354515472,2689.5237138349826,-12.820992204969132,-12.822561881283685,-8.584614341748594,-8.586184018063147,False,True,exploratory_double
symmetry_x_even,49,,,tail_ignored,x_only,0.2,0.0,0.2,36.325965036689574,36.325965036689574,36.325965036689574,7.73517509996302e-13,-75.10260472891373,0.0,0.0,59.95418769967904,1514.2431711656504,1930.5847221281058,-13.35789251319255,-13.189512840739116,2.371711756186695,2.540091428640128,True,True,exploratory_double
symmetry_x_even,49,,,tail_ignored,y_only,0.0,0.003372472872525833,0.003372472872525833,29.815120433199716,36.325965036689574,36.325965036689574,7.73517509996302e-13,-75.10260472891373,0.0,0.0,59.95418769967904,1514.2431711656504,1930.5847221281058,-12.858492309031297,-12.860050513595695,0.0015582045644002562,1.7763568394002505e-15,True,True,exploratory_double
symmetry_x_even,49,,,tail_ignored,omega_up,0.0335510519261647,0.0033551051926164702,0.03371838988157237,29.84865021069154,36.325965036689574,36.325965036689574,7.73517509996302e-13,-75.10260472891373,0.0,0.0,59.95418769967904,1514.2431711656504,1930.5847221281058,-12.874771994910061,-12.871567638791491,1.7763568394002505e-15,0.0032043561185712832,True,True,exploratory_double
symmetry_x_even,49,,,tail_ignored,square,0.003372334684727289,0.003372334684727289,0.004769201448002528,29.81538721645237,36.325965036689574,36.325965036689574,7.73517509996302e-13,-75.10260472891373,0.0,0.0,59.95418769967904,1514.2431711656504,1930.5847221281058,-12.858657540209446,-12.860167644334465,0.0015101041250211722,1.7763568394002505e-15,True,True,exploratory_double
signed_xxy,49,,,tail_ignored,x_only,0.2,0.0,0.2,36.325965036689574,36.325965036689574,36.325965036689574,7.73517509996302e-13,-75.10260472891373,0.0,0.0,59.95418769967904,1514.2431711656504,1930.5847221281058,-13.35789251319255,-13.189512840739116,2.371711756186695,2.540091428640128,True,True,exploratory_double
signed_xxy,49,,,tail_ignored,y_only,0.0,0.09800192775047961,0.09800192775047961,36.325965036689574,36.325965036689574,36.325965036689574,7.73517509996302e-13,-75.10260472891373,0.0,0.0,59.95418769967904,1514.2431711656504,1930.5847221281058,-13.949596968883187,-13.934681122667152,7.105427357601002e-15,0.014915846216041473,True,True,exploratory_double
signed_xxy,49,,,tail_ignored,omega_up,0.2,0.020000000000000004,0.2009975124224178,36.325965036689574,36.325965036689574,36.325965036689574,7.73517509996302e-13,-75.10260472891373,0.0,0.0,59.95418769967904,1514.2431711656504,1930.5847221281058,-13.637399066293009,-13.462063407637975,1.7289455527193383,1.9042812113743715,True,True,exploratory_double
signed_xxy,49,,,tail_ignored,square,0.09171373109332098,0.09171373109332098,0.12970280236801357,36.325965036689574,36.325965036689574,36.325965036689574,7.73517509996302e-13,-75.10260472891373,0.0,0.0,59.95418769967904,1514.2431711656504,1930.5847221281058,-14.063809374839078,-14.009591302691694,3.552713678800501e-15,0.054218072147387275,True,True,exploratory_double
symmetry_x_even,49,5,True,neumann_corrected_tail,x_only,0.0,0.0,0.0,-16.220903201600002,-16.220903201600002,36.325965036689574,7.73517509996302e-13,-75.10260472891373,25.46085368247021,26.273434119144788,59.95418769967904,2200.2918179290373,2924.5073288641684,-12.820992204969132,-12.822561881283685,-19.8448493274261,-19.846419003740653,False,True,exploratory_double
symmetry_x_even,49,5,True,neumann_corrected_tail,y_only,0.0,0.0,0.0,-16.220903201600002,-16.220903201600002,36.325965036689574,7.73517509996302e-13,-75.10260472891373,25.46085368247021,26.273434119144788,59.95418769967904,2200.2918179290373,2924.5073288641684,-12.820992204969132,-12.822561881283685,-19.8448493274261,-19.846419003740653,False,True,exploratory_double
symmetry_x_even,49,5,True,neumann_corrected_tail,omega_up,0.0,0.0,0.0,-16.220903201600002,-16.220903201600002,36.325965036689574,7.73517509996302e-13,-75.10260472891373,25.46085368247021,26.273434119144788,59.95418769967904,2200.2918179290373,2924.5073288641684,-12.820992204969132,-12.822561881283685,-19.8448493274261,-19.846419003740653,False,True,exploratory_double
symmetry_x_even,49,5,True,neumann_corrected_tail,square,0.0,0.0,0.0,-16.220903201600002,-16.220903201600002,36.325965036689574,7.73517509996302e-13,-75.10260472891373,25.46085368247021,26.273434119144788,59.95418769967904,2200.2918179290373,2924.5073288641684,-12.820992204969132,-12.822561881283685,-19.8448493274261,-19.846419003740653,False,True,exploratory_double
signed_xxy,49,5,True,neumann_corrected_tail,x_only,0.0,0.0,0.0,-16.220903201600002,-16.220903201600002,36.325965036689574,7.73517509996302e-13,-75.10260472891373,25.46085368247021,26.273434119144788,59.95418769967904,2200.2918179290373,2924.5073288641684,-12.820992204969132,-12.822561881283685,-19.8448493274261,-19.846419003740653,False,True,exploratory_double
signed_xxy,49,5,True,neumann_corrected_tail,y_only,0.0,0.0,0.0,-16.220903201600002,-16.220903201600002,36.325965036689574,7.73517509996302e-13,-75.10260472891373,25.46085368247021,26.273434119144788,59.95418769967904,2200.2918179290373,2924.5073288641684,-12.820992204969132,-12.822561881283685,-19.8448493274261,-19.846419003740653,False,True,exploratory_double
signed_xxy,49,5,True,neumann_corrected_tail,omega_up,0.0,0.0,0.0,-16.220903201600002,-16.220903201600002,36.325965036689574,7.73517509996302e-13,-75.10260472891373,25.46085368247021,26.273434119144788,59.95418769967904,2200.2918179290373,2924.5073288641684,-12.820992204969132,-12.822561881283685,-19.8448493274261,-19.846419003740653,False,True,exploratory_double
signed_xxy,49,5,True,neumann_corrected_tail,square,0.0,0.0,0.0,-16.220903201600002,-16.220903201600002,36.325965036689574,7.73517509996302e-13,-75.10260472891373,25.46085368247021,26.273434119144788,59.95418769967904,2200.2918179290373,2924.5073288641684,-12.820992204969132,-12.822561881283685,-19.8448493274261,-19.846419003740653,False,True,exploratory_double
symmetry_x_even,49,6,False,neumann_corrected_tail,x_only,0.0,0.0,0.0,-16.220903201600002,-16.220903201600002,36.325965036689574,7.73517509996302e-13,-75.10260472891373,25.46085368247021,26.273434119144788,59.95418769967904,2200.2918179290373,2924.5073288641684,-12.820992204969132,-12.822561881283685,-19.8448493274261,-19.846419003740653,False,True,exploratory_double
symmetry_x_even,49,6,False,neumann_corrected_tail,y_only,0.0,0.0,0.0,-16.220903201600002,-16.220903201600002,36.325965036689574,7.73517509996302e-13,-75.10260472891373,25.46085368247021,26.273434119144788,59.95418769967904,2200.2918179290373,2924.5073288641684,-12.820992204969132,-12.822561881283685,-19.8448493274261,-19.846419003740653,False,True,exploratory_double
symmetry_x_even,49,6,False,neumann_corrected_tail,omega_up,0.0,0.0,0.0,-16.220903201600002,-16.220903201600002,36.325965036689574,7.73517509996302e-13,-75.10260472891373,25.46085368247021,26.273434119144788,59.95418769967904,2200.2918179290373,2924.5073288641684,-12.820992204969132,-12.822561881283685,-19.8448493274261,-19.846419003740653,False,True,exploratory_double
symmetry_x_even,49,6,False,neumann_corrected_tail,square,0.0,0.0,0.0,-16.220903201600002,-16.220903201600002,36.325965036689574,7.73517509996302e-13,-75.10260472891373,25.46085368247021,26.273434119144788,59.95418769967904,2200.2918179290373,2924.5073288641684,-12.820992204969132,-12.822561881283685,-19.8448493274261,-19.846419003740653,False,True,exploratory_double
signed_xxy,49,6,False,neumann_corrected_tail,x_only,0.0,0.0,0.0,-16.220903201600002,-16.220903201600002,36.325965036689574,7.73517509996302e-13,-75.10260472891373,25.46085368247021,26.273434119144788,59.95418769967904,2200.2918179290373,2924.5073288641684,-12.820992204969132,-12.822561881283685,-19.8448493274261,-19.846419003740653,False,True,exploratory_double
signed_xxy,49,6,False,neumann_corrected_tail,y_only,0.0,0.0,0.0,-16.220903201600002,-16.220903201600002,36.325965036689574,7.73517509996302e-13,-75.10260472891373,25.46085368247021,26.273434119144788,59.95418769967904,2200.2918179290373,2924.5073288641684,-12.820992204969132,-12.822561881283685,-19.8448493274261,-19.846419003740653,False,True,exploratory_double
signed_xxy,49,6,False,neumann_corrected_tail,omega_up,0.0,0.0,0.0,-16.220903201600002,-16.220903201600002,36.325965036689574,7.73517509996302e-13,-75.10260472891373,25.46085368247021,26.273434119144788,59.95418769967904,2200.2918179290373,2924.5073288641684,-12.820992204969132,-12.822561881283685,-19.8448493274261,-19.846419003740653,False,True,exploratory_double
signed_xxy,49,6,False,neumann_corrected_tail,square,0.0,0.0,0.0,-16.220903201600002,-16.220903201600002,36.325965036689574,7.73517509996302e-13,-75.10260472891373,25.46085368247021,26.273434119144788,59.95418769967904,2200.2918179290373,2924.5073288641684,-12.820992204969132,-12.822561881283685,-19.8448493274261,-19.846419003740653,False,True,exploratory_double
symmetry_x_even,49,7,True,neumann_corrected_tail,x_only,0.0,0.0,0.0,10.241303469771157,10.241303469771157,36.325965036689574,7.73517509996302e-13,-75.10260472891373,12.638959728300676,13.042330783459208,59.95418769967904,1875.1110783380807,2663.1875973143297,-12.820992204969132,-12.822561881283685,-8.386377718625361,-8.387947394939914,False,True,exploratory_double
symmetry_x_even,49,7,True,neumann_corrected_tail,y_only,0.0,0.0,0.0,10.241303469771157,10.241303469771157,36.325965036689574,7.73517509996302e-13,-75.10260472891373,12.638959728300676,13.042330783459208,59.95418769967904,1875.1110783380807,2663.1875973143297,-12.820992204969132,-12.822561881283685,-8.386377718625361,-8.387947394939914,False,True,exploratory_double
symmetry_x_even,49,7,True,neumann_corrected_tail,omega_up,0.0,0.0,0.0,10.241303469771157,10.241303469771157,36.325965036689574,7.73517509996302e-13,-75.10260472891373,12.638959728300676,13.042330783459208,59.95418769967904,1875.1110783380807,2663.1875973143297,-12.820992204969132,-12.822561881283685,-8.386377718625361,-8.387947394939914,False,True,exploratory_double
symmetry_x_even,49,7,True,neumann_corrected_tail,square,0.0,0.0,0.0,10.241303469771157,10.241303469771157,36.325965036689574,7.73517509996302e-13,-75.10260472891373,12.638959728300676,13.042330783459208,59.95418769967904,1875.1110783380807,2663.1875973143297,-12.820992204969132,-12.822561881283685,-8.386377718625361,-8.387947394939914,False,True,exploratory_double
signed_xxy,49,7,True,neumann_corrected_tail,x_only,0.0,0.0,0.0,10.241303469771157,10.241303469771157,36.325965036689574,7.73517509996302e-13,-75.10260472891373,12.638959728300676,13.042330783459208,59.95418769967904,1875.1110783380807,2663.1875973143297,-12.820992204969132,-12.822561881283685,-8.386377718625361,-8.387947394939914,False,True,exploratory_double
signed_xxy,49,7,True,neumann_corrected_tail,y_only,0.0,0.0,0.0,10.241303469771157,10.241303469771157,36.325965036689574,7.73517509996302e-13,-75.10260472891373,12.638959728300676,13.042330783459208,59.95418769967904,1875.1110783380807,2663.1875973143297,-12.820992204969132,-12.822561881283685,-8.386377718625361,-8.387947394939914,False,True,exploratory_double
signed_xxy,49,7,True,neumann_corrected_tail,omega_up,0.0,0.0,0.0,10.241303469771157,10.241303469771157,36.325965036689574,7.73517509996302e-13,-75.10260472891373,12.638959728300676,13.042330783459208,59.95418769967904,1875.1110783380807,2663.1875973143297,-12.820992204969132,-12.822561881283685,-8.386377718625361,-8.387947394939914,False,True,exploratory_double
signed_xxy,49,7,True,neumann_corrected_tail,square,0.0,0.0,0.0,10.241303469771157,10.241303469771157,36.325965036689574,7.73517509996302e-13,-75.10260472891373,12.638959728300676,13.042330783459208,59.95418769967904,1875.1110783380807,2663.1875973143297,-12.820992204969132,-12.822561881283685,-8.386377718625361,-8.387947394939914,False,True,exploratory_double
symmetry_x_even,49,8,False,neumann_corrected_tail,x_only,0.0,0.0,0.0,10.241303469771157,10.241303469771157,36.325965036689574,7.73517509996302e-13,-75.10260472891373,12.638959728300676,13.042330783459208,59.95418769967904,1875.1110783380807,2663.1875973143297,-12.820992204969132,-12.822561881283685,-8.386377718625361,-8.387947394939914,False,True,exploratory_double
symmetry_x_even,49,8,False,neumann_corrected_tail,y_only,0.0,0.0,0.0,10.241303469771157,10.241303469771157,36.325965036689574,7.73517509996302e-13,-75.10260472891373,12.638959728300676,13.042330783459208,59.95418769967904,1875.1110783380807,2663.1875973143297,-12.820992204969132,-12.822561881283685,-8.386377718625361,-8.387947394939914,False,True,exploratory_double
symmetry_x_even,49,8,False,neumann_corrected_tail,omega_up,0.0,0.0,0.0,10.241303469771157,10.241303469771157,36.325965036689574,7.73517509996302e-13,-75.10260472891373,12.638959728300676,13.042330783459208,59.95418769967904,1875.1110783380807,2663.1875973143297,-12.820992204969132,-12.822561881283685,-8.386377718625361,-8.387947394939914,False,True,exploratory_double
symmetry_x_even,49,8,False,neumann_corrected_tail,square,0.0,0.0,0.0,10.241303469771157,10.241303469771157,36.325965036689574,7.73517509996302e-13,-75.10260472891373,12.638959728300676,13.042330783459208,59.95418769967904,1875.1110783380807,2663.1875973143297,-12.820992204969132,-12.822561881283685,-8.386377718625361,-8.387947394939914,False,True,exploratory_double
signed_xxy,49,8,False,neumann_corrected_tail,x_only,0.0,0.0,0.0,10.241303469771157,10.241303469771157,36.325965036689574,7.73517509996302e-13,-75.10260472891373,12.638959728300676,13.042330783459208,59.95418769967904,1875.1110783380807,2663.1875973143297,-12.820992204969132,-12.822561881283685,-8.386377718625361,-8.387947394939914,False,True,exploratory_double
signed_xxy,49,8,False,neumann_corrected_tail,y_only,0.0,0.0,0.0,10.241303469771157,10.241303469771157,36.325965036689574,7.73517509996302e-13,-75.10260472891373,12.638959728300676,13.042330783459208,59.95418769967904,1875.1110783380807,2663.1875973143297,-12.820992204969132,-12.822561881283685,-8.386377718625361,-8.387947394939914,False,True,exploratory_double
signed_xxy,49,8,False,neumann_corrected_tail,omega_up,0.0,0.0,0.0,10.241303469771157,10.241303469771157,36.325965036689574,7.73517509996302e-13,-75.10260472891373,12.638959728300676,13.042330783459208,59.95418769967904,1875.1110783380807,2663.1875973143297,-12.820992204969132,-12.822561881283685,-8.386377718625361,-8.387947394939914,False,True,exploratory_double
signed_xxy,49,8,False,neumann_corrected_tail,square,0.0,0.0,0.0,10.241303469771157,10.241303469771157,36.325965036689574,7.73517509996302e-13,-75.10260472891373,12.638959728300676,13.042330783459208,59.95418769967904,1875.1110783380807,2663.1875973143297,-12.820992204969132,-12.822561881283685,-8.386377718625361,-8.387947394939914,False,True,exploratory_double
symmetry_x_even,49,9,True,neumann_corrected_tail,x_only,0.0,0.0,0.0,10.241303469771157,10.241303469771157,36.325965036689574,7.73517509996302e-13,-75.10260472891373,12.638959728300676,13.042330783459208,59.95418769967904,1875.1110783380807,2663.1875973143297,-12.820992204969132,-12.822561881283685,-8.386377718625361,-8.387947394939914,False,True,exploratory_double
symmetry_x_even,49,9,True,neumann_corrected_tail,y_only,0.0,0.0,0.0,10.241303469771157,10.241303469771157,36.325965036689574,7.73517509996302e-13,-75.10260472891373,12.638959728300676,13.042330783459208,59.95418769967904,1875.1110783380807,2663.1875973143297,-12.820992204969132,-12.822561881283685,-8.386377718625361,-8.387947394939914,False,True,exploratory_double
symmetry_x_even,49,9,True,neumann_corrected_tail,omega_up,0.0,0.0,0.0,10.241303469771157,10.241303469771157,36.325965036689574,7.73517509996302e-13,-75.10260472891373,12.638959728300676,13.042330783459208,59.95418769967904,1875.1110783380807,2663.1875973143297,-12.820992204969132,-12.822561881283685,-8.386377718625361,-8.387947394939914,False,True,exploratory_double
symmetry_x_even,49,9,True,neumann_corrected_tail,square,0.0,0.0,0.0,10.241303469771157,10.241303469771157,36.325965036689574,7.73517509996302e-13,-75.10260472891373,12.638959728300676,13.042330783459208,59.95418769967904,1875.1110783380807,2663.1875973143297,-12.820992204969132,-12.822561881283685,-8.386377718625361,-8.387947394939914,False,True,exploratory_double
signed_xxy,49,9,True,neumann_corrected_tail,x_only,0.0,0.0,0.0,10.241303469771157,10.241303469771157,36.325965036689574,7.73517509996302e-13,-75.10260472891373,12.638959728300676,13.042330783459208,59.95418769967904,1875.1110783380807,2663.1875973143297,-12.820992204969132,-12.822561881283685,-8.386377718625361,-8.387947394939914,False,True,exploratory_double
signed_xxy,49,9,True,neumann_corrected_tail,y_only,0.0,0.0,0.0,10.241303469771157,10.241303469771157,36.325965036689574,7.73517509996302e-13,-75.10260472891373,12.638959728300676,13.042330783459208,59.95418769967904,1875.1110783380807,2663.1875973143297,-12.820992204969132,-12.822561881283685,-8.386377718625361,-8.387947394939914,False,True,exploratory_double
signed_xxy,49,9,True,neumann_corrected_tail,omega_up,0.0,0.0,0.0,10.241303469771157,10.241303469771157,36.325965036689574,7.73517509996302e-13,-75.10260472891373,12.638959728300676,13.042330783459208,59.95418769967904,1875.1110783380807,2663.1875973143297,-12.820992204969132,-12.822561881283685,-8.386377718625361,-8.387947394939914,False,True,exploratory_double
signed_xxy,49,9,True,neumann_corrected_tail,square,0.0,0.0,0.0,10.241303469771157,10.241303469771157,36.325965036689574,7.73517509996302e-13,-75.10260472891373,12.638959728300676,13.042330783459208,59.95418769967904,1875.1110783380807,2663.1875973143297,-12.820992204969132,-12.822561881283685,-8.386377718625361,-8.387947394939914,False,True,exploratory_double
symmetry_x_even,49,10,True,neumann_corrected_tail,x_only,0.0,0.0,0.0,10.241303469771157,10.241303469771157,36.325965036689574,7.73517509996302e-13,-75.10260472891373,12.638959728300676,13.042330783459208,59.95418769967904,1875.1110783380807,2663.1875973143297,-12.820992204969132,-12.822561881283685,-8.386377718625361,-8.387947394939914,False,True,exploratory_double
symmetry_x_even,49,10,True,neumann_corrected_tail,y_only,0.0,0.0,0.0,10.241303469771157,10.241303469771157,36.325965036689574,7.73517509996302e-13,-75.10260472891373,12.638959728300676,13.042330783459208,59.95418769967904,1875.1110783380807,2663.1875973143297,-12.820992204969132,-12.822561881283685,-8.386377718625361,-8.387947394939914,False,True,exploratory_double
symmetry_x_even,49,10,True,neumann_corrected_tail,omega_up,0.0,0.0,0.0,10.241303469771157,10.241303469771157,36.325965036689574,7.73517509996302e-13,-75.10260472891373,12.638959728300676,13.042330783459208,59.95418769967904,1875.1110783380807,2663.1875973143297,-12.820992204969132,-12.822561881283685,-8.386377718625361,-8.387947394939914,False,True,exploratory_double
symmetry_x_even,49,10,True,neumann_corrected_tail,square,0.0,0.0,0.0,10.241303469771157,10.241303469771157,36.325965036689574,7.73517509996302e-13,-75.10260472891373,12.638959728300676,13.042330783459208,59.95418769967904,1875.1110783380807,2663.1875973143297,-12.820992204969132,-12.822561881283685,-8.386377718625361,-8.387947394939914,False,True,exploratory_double
signed_xxy,49,10,True,neumann_corrected_tail,x_only,0.0,0.0,0.0,10.241303469771157,10.241303469771157,36.325965036689574,7.73517509996302e-13,-75.10260472891373,12.638959728300676,13.042330783459208,59.95418769967904,1875.1110783380807,2663.1875973143297,-12.820992204969132,-12.822561881283685,-8.386377718625361,-8.387947394939914,False,True,exploratory_double
signed_xxy,49,10,True,neumann_corrected_tail,y_only,0.0,0.0,0.0,10.241303469771157,10.241303469771157,36.325965036689574,7.73517509996302e-13,-75.10260472891373,12.638959728300676,13.042330783459208,59.95418769967904,1875.1110783380807,2663.1875973143297,-12.820992204969132,-12.822561881283685,-8.386377718625361,-8.387947394939914,False,True,exploratory_double
signed_xxy,49,10,True,neumann_corrected_tail,omega_up,0.0,0.0,0.0,10.241303469771157,10.241303469771157,36.325965036689574,7.73517509996302e-13,-75.10260472891373,12.638959728300676,13.042330783459208,59.95418769967904,1875.1110783380807,2663.1875973143297,-12.820992204969132,-12.822561881283685,-8.386377718625361,-8.387947394939914,False,True,exploratory_double
signed_xxy,49,10,True,neumann_corrected_tail,square,0.0,0.0,0.0,10.241303469771157,10.241303469771157,36.325965036689574,7.73517509996302e-13,-75.10260472891373,12.638959728300676,13.042330783459208,59.95418769967904,1875.1110783380807,2663.1875973143297,-12.820992204969132,-12.822561881283685,-8.386377718625361,-8.387947394939914,False,True,exploratory_double
symmetry_x_even,51,,,tail_ignored,x_only,0.2,0.0,0.2,36.324237337842554,36.324237337842554,36.324237337842554,7.3621555241082e-13,-75.12436434676357,0.0,0.0,59.95335056724801,1514.2689481483148,1930.612621424374,-13.35789251319255,-13.189512840739116,2.3709636406408894,2.5393433130943226,True,True,exploratory_double
symmetry_x_even,51,,,tail_ignored,y_only,0.0,0.003371557848206289,0.003371557848206289,29.81506520223309,36.324237337842554,36.324237337842554,7.3621555241082e-13,-75.12436434676357,0.0,0.0,59.95335056724801,1514.2689481483148,1930.612621424374,-12.858482119709661,-12.86004033177295,0.0015582120632906538,1.7763568394002505e-15,True,True,exploratory_double
symmetry_x_even,51,,,tail_ignored,omega_up,0.033542008412244535,0.0033542008412244537,0.033709301262564814,29.84857485898237,36.324237337842554,36.324237337842554,7.3621555241082e-13,-75.12436434676357,0.0,0.0,59.95335056724801,1514.2689481483148,1930.612621424374,-12.874752989869448,-12.87155121667839,1.7763568394002505e-15,0.0032017731910602976,True,True,exploratory_double
symmetry_x_even,51,,,tail_ignored,square,0.003371419738234527,0.003371419738234527,0.004767907518263618,29.81533183908772,36.324237337842554,36.324237337842554,7.3621555241082e-13,-75.12436434676357,0.0,0.0,59.95335056724801,1514.2689481483148,1930.612621424374,-12.858647260528022,-12.860157398324327,0.0015101377963073759,1.7763568394002505e-15,True,True,exploratory_double
signed_xxy,51,,,tail_ignored,x_only,0.2,0.0,0.2,36.324237337842554,36.324237337842554,36.324237337842554,7.3621555241082e-13,-75.12436434676357,0.0,0.0,59.95335056724801,1514.2689481483148,1930.612621424374,-13.35789251319255,-13.189512840739116,2.3709636406408894,2.5393433130943226,True,True,exploratory_double
signed_xxy,51,,,tail_ignored,y_only,0.0,0.09797982353788119,0.09797982353788119,36.324237337842554,36.324237337842554,36.324237337842554,7.3621555241082e-13,-75.12436434676357,0.0,0.0,59.95335056724801,1514.2689481483148,1930.612621424374,-13.94933497157847,-13.934427389958307,5.329070518200751e-15,0.014907581620168031,True,True,exploratory_double
signed_xxy,51,,,tail_ignored,omega_up,0.2,0.020000000000000004,0.2009975124224178,36.324237337842554,36.324237337842554,36.324237337842554,7.3621555241082e-13,-75.12436434676357,0.0,0.0,59.95335056724801,1514.2689481483148,1930.612621424374,-13.637399066293009,-13.462063407637975,1.7282147141620054,1.9035503728170386,True,True,exploratory_double
signed_xxy,51,,,tail_ignored,square,0.09169461229243608,0.09169461229243608,0.1296757643005058,36.324237337842554,36.324237337842554,36.324237337842554,7.3621555241082e-13,-75.12436434676357,0.0,0.0,59.95335056724801,1514.2689481483148,1930.612621424374,-14.063487724077486,-14.009294979276874,1.7763568394002505e-15,0.054192744800614534,True,True,exploratory_double
symmetry_x_even,51,5,True,neumann_corrected_tail,x_only,0.0,0.0,0.0,-16.123396755238154,-16.123396755238154,36.324237337842554,7.3621555241082e-13,-75.12436434676357,25.460016550039178,26.223817046540354,59.95335056724801,2197.6700545419976,2920.6873710911063,-12.820992204969132,-12.822561881283685,-19.802627797635047,-19.8041974739496,False,True,exploratory_double
symmetry_x_even,51,5,True,neumann_corrected_tail,y_only,0.0,0.0,0.0,-16.123396755238154,-16.123396755238154,36.324237337842554,7.3621555241082e-13,-75.12436434676357,25.460016550039178,26.223817046540354,59.95335056724801,2197.6700545419976,2920.6873710911063,-12.820992204969132,-12.822561881283685,-19.802627797635047,-19.8041974739496,False,True,exploratory_double
symmetry_x_even,51,5,True,neumann_corrected_tail,omega_up,0.0,0.0,0.0,-16.123396755238154,-16.123396755238154,36.324237337842554,7.3621555241082e-13,-75.12436434676357,25.460016550039178,26.223817046540354,59.95335056724801,2197.6700545419976,2920.6873710911063,-12.820992204969132,-12.822561881283685,-19.802627797635047,-19.8041974739496,False,True,exploratory_double
symmetry_x_even,51,5,True,neumann_corrected_tail,square,0.0,0.0,0.0,-16.123396755238154,-16.123396755238154,36.324237337842554,7.3621555241082e-13,-75.12436434676357,25.460016550039178,26.223817046540354,59.95335056724801,2197.6700545419976,2920.6873710911063,-12.820992204969132,-12.822561881283685,-19.802627797635047,-19.8041974739496,False,True,exploratory_double
signed_xxy,51,5,True,neumann_corrected_tail,x_only,0.0,0.0,0.0,-16.123396755238154,-16.123396755238154,36.324237337842554,7.3621555241082e-13,-75.12436434676357,25.460016550039178,26.223817046540354,59.95335056724801,2197.6700545419976,2920.6873710911063,-12.820992204969132,-12.822561881283685,-19.802627797635047,-19.8041974739496,False,True,exploratory_double
signed_xxy,51,5,True,neumann_corrected_tail,y_only,0.0,0.0,0.0,-16.123396755238154,-16.123396755238154,36.324237337842554,7.3621555241082e-13,-75.12436434676357,25.460016550039178,26.223817046540354,59.95335056724801,2197.6700545419976,2920.6873710911063,-12.820992204969132,-12.822561881283685,-19.802627797635047,-19.8041974739496,False,True,exploratory_double
signed_xxy,51,5,True,neumann_corrected_tail,omega_up,0.0,0.0,0.0,-16.123396755238154,-16.123396755238154,36.324237337842554,7.3621555241082e-13,-75.12436434676357,25.460016550039178,26.223817046540354,59.95335056724801,2197.6700545419976,2920.6873710911063,-12.820992204969132,-12.822561881283685,-19.802627797635047,-19.8041974739496,False,True,exploratory_double
signed_xxy,51,5,True,neumann_corrected_tail,square,0.0,0.0,0.0,-16.123396755238154,-16.123396755238154,36.324237337842554,7.3621555241082e-13,-75.12436434676357,25.460016550039178,26.223817046540354,59.95335056724801,2197.6700545419976,2920.6873710911063,-12.820992204969132,-12.822561881283685,-19.802627797635047,-19.8041974739496,False,True,exploratory_double
symmetry_x_even,51,6,False,neumann_corrected_tail,x_only,0.0,0.0,0.0,-16.123396755238154,-16.123396755238154,36.324237337842554,7.3621555241082e-13,-75.12436434676357,25.460016550039178,26.223817046540354,59.95335056724801,2197.6700545419976,2920.6873710911063,-12.820992204969132,-12.822561881283685,-19.802627797635047,-19.8041974739496,False,True,exploratory_double
symmetry_x_even,51,6,False,neumann_corrected_tail,y_only,0.0,0.0,0.0,-16.123396755238154,-16.123396755238154,36.324237337842554,7.3621555241082e-13,-75.12436434676357,25.460016550039178,26.223817046540354,59.95335056724801,2197.6700545419976,2920.6873710911063,-12.820992204969132,-12.822561881283685,-19.802627797635047,-19.8041974739496,False,True,exploratory_double
symmetry_x_even,51,6,False,neumann_corrected_tail,omega_up,0.0,0.0,0.0,-16.123396755238154,-16.123396755238154,36.324237337842554,7.3621555241082e-13,-75.12436434676357,25.460016550039178,26.223817046540354,59.95335056724801,2197.6700545419976,2920.6873710911063,-12.820992204969132,-12.822561881283685,-19.802627797635047,-19.8041974739496,False,True,exploratory_double
symmetry_x_even,51,6,False,neumann_corrected_tail,square,0.0,0.0,0.0,-16.123396755238154,-16.123396755238154,36.324237337842554,7.3621555241082e-13,-75.12436434676357,25.460016550039178,26.223817046540354,59.95335056724801,2197.6700545419976,2920.6873710911063,-12.820992204969132,-12.822561881283685,-19.802627797635047,-19.8041974739496,False,True,exploratory_double
signed_xxy,51,6,False,neumann_corrected_tail,x_only,0.0,0.0,0.0,-16.123396755238154,-16.123396755238154,36.324237337842554,7.3621555241082e-13,-75.12436434676357,25.460016550039178,26.223817046540354,59.95335056724801,2197.6700545419976,2920.6873710911063,-12.820992204969132,-12.822561881283685,-19.802627797635047,-19.8041974739496,False,True,exploratory_double
signed_xxy,51,6,False,neumann_corrected_tail,y_only,0.0,0.0,0.0,-16.123396755238154,-16.123396755238154,36.324237337842554,7.3621555241082e-13,-75.12436434676357,25.460016550039178,26.223817046540354,59.95335056724801,2197.6700545419976,2920.6873710911063,-12.820992204969132,-12.822561881283685,-19.802627797635047,-19.8041974739496,False,True,exploratory_double
signed_xxy,51,6,False,neumann_corrected_tail,omega_up,0.0,0.0,0.0,-16.123396755238154,-16.123396755238154,36.324237337842554,7.3621555241082e-13,-75.12436434676357,25.460016550039178,26.223817046540354,59.95335056724801,2197.6700545419976,2920.6873710911063,-12.820992204969132,-12.822561881283685,-19.802627797635047,-19.8041974739496,False,True,exploratory_double
signed_xxy,51,6,False,neumann_corrected_tail,square,0.0,0.0,0.0,-16.123396755238154,-16.123396755238154,36.324237337842554,7.3621555241082e-13,-75.12436434676357,25.460016550039178,26.223817046540354,59.95335056724801,2197.6700545419976,2920.6873710911063,-12.820992204969132,-12.822561881283685,-19.802627797635047,-19.8041974739496,False,True,exploratory_double
symmetry_x_even,51,7,True,neumann_corrected_tail,x_only,0.0,0.0,0.0,10.289704790351081,10.289704790351081,36.324237337842554,7.3621555241082e-13,-75.12436434676357,12.638122595869646,13.017266273745737,59.95335056724801,1873.6919617056233,2660.4196736143144,-12.820992204969132,-12.822561881283685,-8.365419332025898,-8.36698900834045,False,True,exploratory_double
symmetry_x_even,51,7,True,neumann_corrected_tail,y_only,0.0,0.0,0.0,10.289704790351081,10.289704790351081,36.324237337842554,7.3621555241082e-13,-75.12436434676357,12.638122595869646,13.017266273745737,59.95335056724801,1873.6919617056233,2660.4196736143144,-12.820992204969132,-12.822561881283685,-8.365419332025898,-8.36698900834045,False,True,exploratory_double
symmetry_x_even,51,7,True,neumann_corrected_tail,omega_up,0.0,0.0,0.0,10.289704790351081,10.289704790351081,36.324237337842554,7.3621555241082e-13,-75.12436434676357,12.638122595869646,13.017266273745737,59.95335056724801,1873.6919617056233,2660.4196736143144,-12.820992204969132,-12.822561881283685,-8.365419332025898,-8.36698900834045,False,True,exploratory_double
symmetry_x_even,51,7,True,neumann_corrected_tail,square,0.0,0.0,0.0,10.289704790351081,10.289704790351081,36.324237337842554,7.3621555241082e-13,-75.12436434676357,12.638122595869646,13.017266273745737,59.95335056724801,1873.6919617056233,2660.4196736143144,-12.820992204969132,-12.822561881283685,-8.365419332025898,-8.36698900834045,False,True,exploratory_double
signed_xxy,51,7,True,neumann_corrected_tail,x_only,0.0,0.0,0.0,10.289704790351081,10.289704790351081,36.324237337842554,7.3621555241082e-13,-75.12436434676357,12.638122595869646,13.017266273745737,59.95335056724801,1873.6919617056233,2660.4196736143144,-12.820992204969132,-12.822561881283685,-8.365419332025898,-8.36698900834045,False,True,exploratory_double
signed_xxy,51,7,True,neumann_corrected_tail,y_only,0.0,0.0,0.0,10.289704790351081,10.289704790351081,36.324237337842554,7.3621555241082e-13,-75.12436434676357,12.638122595869646,13.017266273745737,59.95335056724801,1873.6919617056233,2660.4196736143144,-12.820992204969132,-12.822561881283685,-8.365419332025898,-8.36698900834045,False,True,exploratory_double
signed_xxy,51,7,True,neumann_corrected_tail,omega_up,0.0,0.0,0.0,10.289704790351081,10.289704790351081,36.324237337842554,7.3621555241082e-13,-75.12436434676357,12.638122595869646,13.017266273745737,59.95335056724801,1873.6919617056233,2660.4196736143144,-12.820992204969132,-12.822561881283685,-8.365419332025898,-8.36698900834045,False,True,exploratory_double
signed_xxy,51,7,True,neumann_corrected_tail,square,0.0,0.0,0.0,10.289704790351081,10.289704790351081,36.324237337842554,7.3621555241082e-13,-75.12436434676357,12.638122595869646,13.017266273745737,59.95335056724801,1873.6919617056233,2660.4196736143144,-12.820992204969132,-12.822561881283685,-8.365419332025898,-8.36698900834045,False,True,exploratory_double
symmetry_x_even,51,8,False,neumann_corrected_tail,x_only,0.0,0.0,0.0,10.289704790351081,10.289704790351081,36.324237337842554,7.3621555241082e-13,-75.12436434676357,12.638122595869646,13.017266273745737,59.95335056724801,1873.6919617056233,2660.4196736143144,-12.820992204969132,-12.822561881283685,-8.365419332025898,-8.36698900834045,False,True,exploratory_double
symmetry_x_even,51,8,False,neumann_corrected_tail,y_only,0.0,0.0,0.0,10.289704790351081,10.289704790351081,36.324237337842554,7.3621555241082e-13,-75.12436434676357,12.638122595869646,13.017266273745737,59.95335056724801,1873.6919617056233,2660.4196736143144,-12.820992204969132,-12.822561881283685,-8.365419332025898,-8.36698900834045,False,True,exploratory_double
symmetry_x_even,51,8,False,neumann_corrected_tail,omega_up,0.0,0.0,0.0,10.289704790351081,10.289704790351081,36.324237337842554,7.3621555241082e-13,-75.12436434676357,12.638122595869646,13.017266273745737,59.95335056724801,1873.6919617056233,2660.4196736143144,-12.820992204969132,-12.822561881283685,-8.365419332025898,-8.36698900834045,False,True,exploratory_double
symmetry_x_even,51,8,False,neumann_corrected_tail,square,0.0,0.0,0.0,10.289704790351081,10.289704790351081,36.324237337842554,7.3621555241082e-13,-75.12436434676357,12.638122595869646,13.017266273745737,59.95335056724801,1873.6919617056233,2660.4196736143144,-12.820992204969132,-12.822561881283685,-8.365419332025898,-8.36698900834045,False,True,exploratory_double
signed_xxy,51,8,False,neumann_corrected_tail,x_only,0.0,0.0,0.0,10.289704790351081,10.289704790351081,36.324237337842554,7.3621555241082e-13,-75.12436434676357,12.638122595869646,13.017266273745737,59.95335056724801,1873.6919617056233,2660.4196736143144,-12.820992204969132,-12.822561881283685,-8.365419332025898,-8.36698900834045,False,True,exploratory_double
signed_xxy,51,8,False,neumann_corrected_tail,y_only,0.0,0.0,0.0,10.289704790351081,10.289704790351081,36.324237337842554,7.3621555241082e-13,-75.12436434676357,12.638122595869646,13.017266273745737,59.95335056724801,1873.6919617056233,2660.4196736143144,-12.820992204969132,-12.822561881283685,-8.365419332025898,-8.36698900834045,False,True,exploratory_double
signed_xxy,51,8,False,neumann_corrected_tail,omega_up,0.0,0.0,0.0,10.289704790351081,10.289704790351081,36.324237337842554,7.3621555241082e-13,-75.12436434676357,12.638122595869646,13.017266273745737,59.95335056724801,1873.6919617056233,2660.4196736143144,-12.820992204969132,-12.822561881283685,-8.365419332025898,-8.36698900834045,False,True,exploratory_double
signed_xxy,51,8,False,neumann_corrected_tail,square,0.0,0.0,0.0,10.289704790351081,10.289704790351081,36.324237337842554,7.3621555241082e-13,-75.12436434676357,12.638122595869646,13.017266273745737,59.95335056724801,1873.6919617056233,2660.4196736143144,-12.820992204969132,-12.822561881283685,-8.365419332025898,-8.36698900834045,False,True,exploratory_double
symmetry_x_even,51,9,True,neumann_corrected_tail,x_only,0.0,0.0,0.0,10.289704790351081,10.289704790351081,36.324237337842554,7.3621555241082e-13,-75.12436434676357,12.638122595869646,13.017266273745737,59.95335056724801,1873.6919617056233,2660.4196736143144,-12.820992204969132,-12.822561881283685,-8.365419332025898,-8.36698900834045,False,True,exploratory_double
symmetry_x_even,51,9,True,neumann_corrected_tail,y_only,0.0,0.0,0.0,10.289704790351081,10.289704790351081,36.324237337842554,7.3621555241082e-13,-75.12436434676357,12.638122595869646,13.017266273745737,59.95335056724801,1873.6919617056233,2660.4196736143144,-12.820992204969132,-12.822561881283685,-8.365419332025898,-8.36698900834045,False,True,exploratory_double
symmetry_x_even,51,9,True,neumann_corrected_tail,omega_up,0.0,0.0,0.0,10.289704790351081,10.289704790351081,36.324237337842554,7.3621555241082e-13,-75.12436434676357,12.638122595869646,13.017266273745737,59.95335056724801,1873.6919617056233,2660.4196736143144,-12.820992204969132,-12.822561881283685,-8.365419332025898,-8.36698900834045,False,True,exploratory_double
symmetry_x_even,51,9,True,neumann_corrected_tail,square,0.0,0.0,0.0,10.289704790351081,10.289704790351081,36.324237337842554,7.3621555241082e-13,-75.12436434676357,12.638122595869646,13.017266273745737,59.95335056724801,1873.6919617056233,2660.4196736143144,-12.820992204969132,-12.822561881283685,-8.365419332025898,-8.36698900834045,False,True,exploratory_double
signed_xxy,51,9,True,neumann_corrected_tail,x_only,0.0,0.0,0.0,10.289704790351081,10.289704790351081,36.324237337842554,7.3621555241082e-13,-75.12436434676357,12.638122595869646,13.017266273745737,59.95335056724801,1873.6919617056233,2660.4196736143144,-12.820992204969132,-12.822561881283685,-8.365419332025898,-8.36698900834045,False,True,exploratory_double
signed_xxy,51,9,True,neumann_corrected_tail,y_only,0.0,0.0,0.0,10.289704790351081,10.289704790351081,36.324237337842554,7.3621555241082e-13,-75.12436434676357,12.638122595869646,13.017266273745737,59.95335056724801,1873.6919617056233,2660.4196736143144,-12.820992204969132,-12.822561881283685,-8.365419332025898,-8.36698900834045,False,True,exploratory_double
signed_xxy,51,9,True,neumann_corrected_tail,omega_up,0.0,0.0,0.0,10.289704790351081,10.289704790351081,36.324237337842554,7.3621555241082e-13,-75.12436434676357,12.638122595869646,13.017266273745737,59.95335056724801,1873.6919617056233,2660.4196736143144,-12.820992204969132,-12.822561881283685,-8.365419332025898,-8.36698900834045,False,True,exploratory_double
signed_xxy,51,9,True,neumann_corrected_tail,square,0.0,0.0,0.0,10.289704790351081,10.289704790351081,36.324237337842554,7.3621555241082e-13,-75.12436434676357,12.638122595869646,13.017266273745737,59.95335056724801,1873.6919617056233,2660.4196736143144,-12.820992204969132,-12.822561881283685,-8.365419332025898,-8.36698900834045,False,True,exploratory_double
symmetry_x_even,51,10,True,neumann_corrected_tail,x_only,0.0,0.0,0.0,10.289704790351081,10.289704790351081,36.324237337842554,7.3621555241082e-13,-75.12436434676357,12.638122595869646,13.017266273745737,59.95335056724801,1873.6919617056233,2660.4196736143144,-12.820992204969132,-12.822561881283685,-8.365419332025898,-8.36698900834045,False,True,exploratory_double
symmetry_x_even,51,10,True,neumann_corrected_tail,y_only,0.0,0.0,0.0,10.289704790351081,10.289704790351081,36.324237337842554,7.3621555241082e-13,-75.12436434676357,12.638122595869646,13.017266273745737,59.95335056724801,1873.6919617056233,2660.4196736143144,-12.820992204969132,-12.822561881283685,-8.365419332025898,-8.36698900834045,False,True,exploratory_double
symmetry_x_even,51,10,True,neumann_corrected_tail,omega_up,0.0,0.0,0.0,10.289704790351081,10.289704790351081,36.324237337842554,7.3621555241082e-13,-75.12436434676357,12.638122595869646,13.017266273745737,59.95335056724801,1873.6919617056233,2660.4196736143144,-12.820992204969132,-12.822561881283685,-8.365419332025898,-8.36698900834045,False,True,exploratory_double
symmetry_x_even,51,10,True,neumann_corrected_tail,square,0.0,0.0,0.0,10.289704790351081,10.289704790351081,36.324237337842554,7.3621555241082e-13,-75.12436434676357,12.638122595869646,13.017266273745737,59.95335056724801,1873.6919617056233,2660.4196736143144,-12.820992204969132,-12.822561881283685,-8.365419332025898,-8.36698900834045,False,True,exploratory_double
signed_xxy,51,10,True,neumann_corrected_tail,x_only,0.0,0.0,0.0,10.289704790351081,10.289704790351081,36.324237337842554,7.3621555241082e-13,-75.12436434676357,12.638122595869646,13.017266273745737,59.95335056724801,1873.6919617056233,2660.4196736143144,-12.820992204969132,-12.822561881283685,-8.365419332025898,-8.36698900834045,False,True,exploratory_double
signed_xxy,51,10,True,neumann_corrected_tail,y_only,0.0,0.0,0.0,10.289704790351081,10.289704790351081,36.324237337842554,7.3621555241082e-13,-75.12436434676357,12.638122595869646,13.017266273745737,59.95335056724801,1873.6919617056233,2660.4196736143144,-12.820992204969132,-12.822561881283685,-8.365419332025898,-8.36698900834045,False,True,exploratory_double
signed_xxy,51,10,True,neumann_corrected_tail,omega_up,0.0,0.0,0.0,10.289704790351081,10.289704790351081,36.324237337842554,7.3621555241082e-13,-75.12436434676357,12.638122595869646,13.017266273745737,59.95335056724801,1873.6919617056233,2660.4196736143144,-12.820992204969132,-12.822561881283685,-8.365419332025898,-8.36698900834045,False,True,exploratory_double
signed_xxy,51,10,True,neumann_corrected_tail,square,0.0,0.0,0.0,10.289704790351081,10.289704790351081,36.324237337842554,7.3621555241082e-13,-75.12436434676357,12.638122595869646,13.017266273745737,59.95335056724801,1873.6919617056233,2660.4196736143144,-12.820992204969132,-12.822561881283685,-8.365419332025898,-8.36698900834045,False,True,exploratory_double
symmetry_x_even,99,,,tail_ignored,x_only,0.2,0.0,0.2,36.27540007259375,36.27540007259375,36.27540007259375,6.882875780575178e-13,-75.15885636074066,0.0,0.0,59.929521177974095,1514.9912266937772,1931.394082846672,-13.35789251319255,-13.189512840739116,2.349816484462478,2.518196156915911,True,True,exploratory_double
symmetry_x_even,99,,,tail_ignored,y_only,0.0,0.0033457152710447005,0.0033457152710447005,29.813505395208264,36.27540007259375,36.27540007259375,6.882875780575178e-13,-75.15885636074066,0.0,0.0,59.929521177974095,1514.9912266937772,1931.394082846672,-12.858194351054804,-12.859752773915325,0.001558422860522768,1.7763568394002505e-15,True,True,exploratory_double
symmetry_x_even,99,,,tail_ignored,omega_up,0.03328658344188004,0.0033286583441880045,0.03345260234429565,29.846449042810836,36.27540007259375,36.27540007259375,6.882875780575178e-13,-75.15885636074066,0.0,0.0,59.929521177974095,1514.9912266937772,1931.394082846672,-12.874217226090593,-12.871088114484847,1.7763568394002505e-15,0.003129111605748136,True,True,exploratory_double
symmetry_x_even,99,,,tail_ignored,square,0.0033455793489446484,0.0033455793489446484,0.004731363689272871,29.813767914348034,36.27540007259375,36.27540007259375,6.882875780575178e-13,-75.15885636074066,0.0,0.0,59.929521177974095,1514.9912266937772,1931.394082846672,-12.858356950245183,-12.859868035055161,0.00151108480998019,1.7763568394002505e-15,True,True,exploratory_double
signed_xxy,99,,,tail_ignored,x_only,0.2,0.0,0.2,36.27540007259375,36.27540007259375,36.27540007259375,6.882875780575178e-13,-75.15885636074066,0.0,0.0,59.929521177974095,1514.9912266937772,1931.394082846672,-13.35789251319255,-13.189512840739116,2.349816484462478,2.518196156915911,True,True,exploratory_double
signed_xxy,99,,,tail_ignored,y_only,0.0,0.09735443867766096,0.09735443867766096,36.27540007259375,36.27540007259375,36.27540007259375,6.882875780575178e-13,-75.15885636074066,0.0,0.0,59.929521177974095,1514.9912266937772,1931.394082846672,-13.941923391717554,-13.927248621233888,1.7763568394002505e-15,0.014674770483667388,True,True,exploratory_double
signed_xxy,99,,,tail_ignored,omega_up,0.2,0.020000000000000004,0.2009975124224178,36.27540007259375,36.27540007259375,36.27540007259375,6.882875780575178e-13,-75.15885636074066,0.0,0.0,59.929521177974095,1514.9912266937772,1931.394082846672,-13.637399066293009,-13.462063407637975,1.7075559306360795,1.8828915892911127,True,True,exploratory_double
signed_xxy,99,,,tail_ignored,square,0.09115338376682096,0.09115338376682096,0.12891035157923772,36.27540007259375,36.27540007259375,36.27540007259375,6.882875780575178e-13,-75.15885636074066,0.0,0.0,59.929521177974095,1514.9912266937772,1931.394082846672,-14.054396265598971,-14.000917736772431,5.329070518200751e-15,0.05347852882654536,True,True,exploratory_double
symmetry_x_even,99,5,True,neumann_corrected_tail,x_only,0.0,0.0,0.0,-15.417496415413083,-15.417496415413083,36.27540007259375,6.882875780575178e-13,-75.15885636074066,25.436187160765265,25.846448244003415,59.929521177974095,2178.811729768516,2893.196837616193,-12.820992204969132,-12.822561881283685,-19.496963984220756,-19.49853366053531,False,True,exploratory_double
symmetry_x_even,99,5,True,neumann_corrected_tail,y_only,0.0,0.0,0.0,-15.417496415413083,-15.417496415413083,36.27540007259375,6.882875780575178e-13,-75.15885636074066,25.436187160765265,25.846448244003415,59.929521177974095,2178.811729768516,2893.196837616193,-12.820992204969132,-12.822561881283685,-19.496963984220756,-19.49853366053531,False,True,exploratory_double
symmetry_x_even,99,5,True,neumann_corrected_tail,omega_up,0.0,0.0,0.0,-15.417496415413083,-15.417496415413083,36.27540007259375,6.882875780575178e-13,-75.15885636074066,25.436187160765265,25.846448244003415,59.929521177974095,2178.811729768516,2893.196837616193,-12.820992204969132,-12.822561881283685,-19.496963984220756,-19.49853366053531,False,True,exploratory_double
symmetry_x_even,99,5,True,neumann_corrected_tail,square,0.0,0.0,0.0,-15.417496415413083,-15.417496415413083,36.27540007259375,6.882875780575178e-13,-75.15885636074066,25.436187160765265,25.846448244003415,59.929521177974095,2178.811729768516,2893.196837616193,-12.820992204969132,-12.822561881283685,-19.496963984220756,-19.49853366053531,False,True,exploratory_double
signed_xxy,99,5,True,neumann_corrected_tail,x_only,0.0,0.0,0.0,-15.417496415413083,-15.417496415413083,36.27540007259375,6.882875780575178e-13,-75.15885636074066,25.436187160765265,25.846448244003415,59.929521177974095,2178.811729768516,2893.196837616193,-12.820992204969132,-12.822561881283685,-19.496963984220756,-19.49853366053531,False,True,exploratory_double
signed_xxy,99,5,True,neumann_corrected_tail,y_only,0.0,0.0,0.0,-15.417496415413083,-15.417496415413083,36.27540007259375,6.882875780575178e-13,-75.15885636074066,25.436187160765265,25.846448244003415,59.929521177974095,2178.811729768516,2893.196837616193,-12.820992204969132,-12.822561881283685,-19.496963984220756,-19.49853366053531,False,True,exploratory_double
signed_xxy,99,5,True,neumann_corrected_tail,omega_up,0.0,0.0,0.0,-15.417496415413083,-15.417496415413083,36.27540007259375,6.882875780575178e-13,-75.15885636074066,25.436187160765265,25.846448244003415,59.929521177974095,2178.811729768516,2893.196837616193,-12.820992204969132,-12.822561881283685,-19.496963984220756,-19.49853366053531,False,True,exploratory_double
signed_xxy,99,5,True,neumann_corrected_tail,square,0.0,0.0,0.0,-15.417496415413083,-15.417496415413083,36.27540007259375,6.882875780575178e-13,-75.15885636074066,25.436187160765265,25.846448244003415,59.929521177974095,2178.811729768516,2893.196837616193,-12.820992204969132,-12.822561881283685,-19.496963984220756,-19.49853366053531,False,True,exploratory_double
symmetry_x_even,99,6,False,neumann_corrected_tail,x_only,0.0,0.0,0.0,-15.417496415413083,-15.417496415413083,36.27540007259375,6.882875780575178e-13,-75.15885636074066,25.436187160765265,25.846448244003415,59.929521177974095,2178.811729768516,2893.196837616193,-12.820992204969132,-12.822561881283685,-19.496963984220756,-19.49853366053531,False,True,exploratory_double
symmetry_x_even,99,6,False,neumann_corrected_tail,y_only,0.0,0.0,0.0,-15.417496415413083,-15.417496415413083,36.27540007259375,6.882875780575178e-13,-75.15885636074066,25.436187160765265,25.846448244003415,59.929521177974095,2178.811729768516,2893.196837616193,-12.820992204969132,-12.822561881283685,-19.496963984220756,-19.49853366053531,False,True,exploratory_double
symmetry_x_even,99,6,False,neumann_corrected_tail,omega_up,0.0,0.0,0.0,-15.417496415413083,-15.417496415413083,36.27540007259375,6.882875780575178e-13,-75.15885636074066,25.436187160765265,25.846448244003415,59.929521177974095,2178.811729768516,2893.196837616193,-12.820992204969132,-12.822561881283685,-19.496963984220756,-19.49853366053531,False,True,exploratory_double
symmetry_x_even,99,6,False,neumann_corrected_tail,square,0.0,0.0,0.0,-15.417496415413083,-15.417496415413083,36.27540007259375,6.882875780575178e-13,-75.15885636074066,25.436187160765265,25.846448244003415,59.929521177974095,2178.811729768516,2893.196837616193,-12.820992204969132,-12.822561881283685,-19.496963984220756,-19.49853366053531,False,True,exploratory_double
signed_xxy,99,6,False,neumann_corrected_tail,x_only,0.0,0.0,0.0,-15.417496415413083,-15.417496415413083,36.27540007259375,6.882875780575178e-13,-75.15885636074066,25.436187160765265,25.846448244003415,59.929521177974095,2178.811729768516,2893.196837616193,-12.820992204969132,-12.822561881283685,-19.496963984220756,-19.49853366053531,False,True,exploratory_double
signed_xxy,99,6,False,neumann_corrected_tail,y_only,0.0,0.0,0.0,-15.417496415413083,-15.417496415413083,36.27540007259375,6.882875780575178e-13,-75.15885636074066,25.436187160765265,25.846448244003415,59.929521177974095,2178.811729768516,2893.196837616193,-12.820992204969132,-12.822561881283685,-19.496963984220756,-19.49853366053531,False,True,exploratory_double
signed_xxy,99,6,False,neumann_corrected_tail,omega_up,0.0,0.0,0.0,-15.417496415413083,-15.417496415413083,36.27540007259375,6.882875780575178e-13,-75.15885636074066,25.436187160765265,25.846448244003415,59.929521177974095,2178.811729768516,2893.196837616193,-12.820992204969132,-12.822561881283685,-19.496963984220756,-19.49853366053531,False,True,exploratory_double
signed_xxy,99,6,False,neumann_corrected_tail,square,0.0,0.0,0.0,-15.417496415413083,-15.417496415413083,36.27540007259375,6.882875780575178e-13,-75.15885636074066,25.436187160765265,25.846448244003415,59.929521177974095,2178.811729768516,2893.196837616193,-12.820992204969132,-12.822561881283685,-19.496963984220756,-19.49853366053531,False,True,exploratory_double
symmetry_x_even,99,7,True,neumann_corrected_tail,x_only,0.0,0.0,0.0,10.63990097531855,10.63990097531855,36.27540007259375,6.882875780575178e-13,-75.15885636074066,12.614293206595732,12.817749548637599,59.929521177974095,1863.496409898258,2640.4868727363423,-12.820992204969132,-12.822561881283685,-8.213779935780787,-8.21534961209534,False,True,exploratory_double
symmetry_x_even,99,7,True,neumann_corrected_tail,y_only,0.0,0.0,0.0,10.63990097531855,10.63990097531855,36.27540007259375,6.882875780575178e-13,-75.15885636074066,12.614293206595732,12.817749548637599,59.929521177974095,1863.496409898258,2640.4868727363423,-12.820992204969132,-12.822561881283685,-8.213779935780787,-8.21534961209534,False,True,exploratory_double
symmetry_x_even,99,7,True,neumann_corrected_tail,omega_up,0.0,0.0,0.0,10.63990097531855,10.63990097531855,36.27540007259375,6.882875780575178e-13,-75.15885636074066,12.614293206595732,12.817749548637599,59.929521177974095,1863.496409898258,2640.4868727363423,-12.820992204969132,-12.822561881283685,-8.213779935780787,-8.21534961209534,False,True,exploratory_double
symmetry_x_even,99,7,True,neumann_corrected_tail,square,0.0,0.0,0.0,10.63990097531855,10.63990097531855,36.27540007259375,6.882875780575178e-13,-75.15885636074066,12.614293206595732,12.817749548637599,59.929521177974095,1863.496409898258,2640.4868727363423,-12.820992204969132,-12.822561881283685,-8.213779935780787,-8.21534961209534,False,True,exploratory_double
signed_xxy,99,7,True,neumann_corrected_tail,x_only,0.0,0.0,0.0,10.63990097531855,10.63990097531855,36.27540007259375,6.882875780575178e-13,-75.15885636074066,12.614293206595732,12.817749548637599,59.929521177974095,1863.496409898258,2640.4868727363423,-12.820992204969132,-12.822561881283685,-8.213779935780787,-8.21534961209534,False,True,exploratory_double
signed_xxy,99,7,True,neumann_corrected_tail,y_only,0.0,0.0,0.0,10.63990097531855,10.63990097531855,36.27540007259375,6.882875780575178e-13,-75.15885636074066,12.614293206595732,12.817749548637599,59.929521177974095,1863.496409898258,2640.4868727363423,-12.820992204969132,-12.822561881283685,-8.213779935780787,-8.21534961209534,False,True,exploratory_double
signed_xxy,99,7,True,neumann_corrected_tail,omega_up,0.0,0.0,0.0,10.63990097531855,10.63990097531855,36.27540007259375,6.882875780575178e-13,-75.15885636074066,12.614293206595732,12.817749548637599,59.929521177974095,1863.496409898258,2640.4868727363423,-12.820992204969132,-12.822561881283685,-8.213779935780787,-8.21534961209534,False,True,exploratory_double
signed_xxy,99,7,True,neumann_corrected_tail,square,0.0,0.0,0.0,10.63990097531855,10.63990097531855,36.27540007259375,6.882875780575178e-13,-75.15885636074066,12.614293206595732,12.817749548637599,59.929521177974095,1863.496409898258,2640.4868727363423,-12.820992204969132,-12.822561881283685,-8.213779935780787,-8.21534961209534,False,True,exploratory_double
symmetry_x_even,99,8,False,neumann_corrected_tail,x_only,0.0,0.0,0.0,10.63990097531855,10.63990097531855,36.27540007259375,6.882875780575178e-13,-75.15885636074066,12.614293206595732,12.817749548637599,59.929521177974095,1863.496409898258,2640.4868727363423,-12.820992204969132,-12.822561881283685,-8.213779935780787,-8.21534961209534,False,True,exploratory_double
symmetry_x_even,99,8,False,neumann_corrected_tail,y_only,0.0,0.0,0.0,10.63990097531855,10.63990097531855,36.27540007259375,6.882875780575178e-13,-75.15885636074066,12.614293206595732,12.817749548637599,59.929521177974095,1863.496409898258,2640.4868727363423,-12.820992204969132,-12.822561881283685,-8.213779935780787,-8.21534961209534,False,True,exploratory_double
symmetry_x_even,99,8,False,neumann_corrected_tail,omega_up,0.0,0.0,0.0,10.63990097531855,10.63990097531855,36.27540007259375,6.882875780575178e-13,-75.15885636074066,12.614293206595732,12.817749548637599,59.929521177974095,1863.496409898258,2640.4868727363423,-12.820992204969132,-12.822561881283685,-8.213779935780787,-8.21534961209534,False,True,exploratory_double
symmetry_x_even,99,8,False,neumann_corrected_tail,square,0.0,0.0,0.0,10.63990097531855,10.63990097531855,36.27540007259375,6.882875780575178e-13,-75.15885636074066,12.614293206595732,12.817749548637599,59.929521177974095,1863.496409898258,2640.4868727363423,-12.820992204969132,-12.822561881283685,-8.213779935780787,-8.21534961209534,False,True,exploratory_double
signed_xxy,99,8,False,neumann_corrected_tail,x_only,0.0,0.0,0.0,10.63990097531855,10.63990097531855,36.27540007259375,6.882875780575178e-13,-75.15885636074066,12.614293206595732,12.817749548637599,59.929521177974095,1863.496409898258,2640.4868727363423,-12.820992204969132,-12.822561881283685,-8.213779935780787,-8.21534961209534,False,True,exploratory_double
signed_xxy,99,8,False,neumann_corrected_tail,y_only,0.0,0.0,0.0,10.63990097531855,10.63990097531855,36.27540007259375,6.882875780575178e-13,-75.15885636074066,12.614293206595732,12.817749548637599,59.929521177974095,1863.496409898258,2640.4868727363423,-12.820992204969132,-12.822561881283685,-8.213779935780787,-8.21534961209534,False,True,exploratory_double
signed_xxy,99,8,False,neumann_corrected_tail,omega_up,0.0,0.0,0.0,10.63990097531855,10.63990097531855,36.27540007259375,6.882875780575178e-13,-75.15885636074066,12.614293206595732,12.817749548637599,59.929521177974095,1863.496409898258,2640.4868727363423,-12.820992204969132,-12.822561881283685,-8.213779935780787,-8.21534961209534,False,True,exploratory_double
signed_xxy,99,8,False,neumann_corrected_tail,square,0.0,0.0,0.0,10.63990097531855,10.63990097531855,36.27540007259375,6.882875780575178e-13,-75.15885636074066,12.614293206595732,12.817749548637599,59.929521177974095,1863.496409898258,2640.4868727363423,-12.820992204969132,-12.822561881283685,-8.213779935780787,-8.21534961209534,False,True,exploratory_double
symmetry_x_even,99,9,True,neumann_corrected_tail,x_only,0.0,0.0,0.0,10.63990097531855,10.63990097531855,36.27540007259375,6.882875780575178e-13,-75.15885636074066,12.614293206595732,12.817749548637599,59.929521177974095,1863.496409898258,2640.4868727363423,-12.820992204969132,-12.822561881283685,-8.213779935780787,-8.21534961209534,False,True,exploratory_double
symmetry_x_even,99,9,True,neumann_corrected_tail,y_only,0.0,0.0,0.0,10.63990097531855,10.63990097531855,36.27540007259375,6.882875780575178e-13,-75.15885636074066,12.614293206595732,12.817749548637599,59.929521177974095,1863.496409898258,2640.4868727363423,-12.820992204969132,-12.822561881283685,-8.213779935780787,-8.21534961209534,False,True,exploratory_double
symmetry_x_even,99,9,True,neumann_corrected_tail,omega_up,0.0,0.0,0.0,10.63990097531855,10.63990097531855,36.27540007259375,6.882875780575178e-13,-75.15885636074066,12.614293206595732,12.817749548637599,59.929521177974095,1863.496409898258,2640.4868727363423,-12.820992204969132,-12.822561881283685,-8.213779935780787,-8.21534961209534,False,True,exploratory_double
symmetry_x_even,99,9,True,neumann_corrected_tail,square,0.0,0.0,0.0,10.63990097531855,10.63990097531855,36.27540007259375,6.882875780575178e-13,-75.15885636074066,12.614293206595732,12.817749548637599,59.929521177974095,1863.496409898258,2640.4868727363423,-12.820992204969132,-12.822561881283685,-8.213779935780787,-8.21534961209534,False,True,exploratory_double
signed_xxy,99,9,True,neumann_corrected_tail,x_only,0.0,0.0,0.0,10.63990097531855,10.63990097531855,36.27540007259375,6.882875780575178e-13,-75.15885636074066,12.614293206595732,12.817749548637599,59.929521177974095,1863.496409898258,2640.4868727363423,-12.820992204969132,-12.822561881283685,-8.213779935780787,-8.21534961209534,False,True,exploratory_double
signed_xxy,99,9,True,neumann_corrected_tail,y_only,0.0,0.0,0.0,10.63990097531855,10.63990097531855,36.27540007259375,6.882875780575178e-13,-75.15885636074066,12.614293206595732,12.817749548637599,59.929521177974095,1863.496409898258,2640.4868727363423,-12.820992204969132,-12.822561881283685,-8.213779935780787,-8.21534961209534,False,True,exploratory_double
signed_xxy,99,9,True,neumann_corrected_tail,omega_up,0.0,0.0,0.0,10.63990097531855,10.63990097531855,36.27540007259375,6.882875780575178e-13,-75.15885636074066,12.614293206595732,12.817749548637599,59.929521177974095,1863.496409898258,2640.4868727363423,-12.820992204969132,-12.822561881283685,-8.213779935780787,-8.21534961209534,False,True,exploratory_double
signed_xxy,99,9,True,neumann_corrected_tail,square,0.0,0.0,0.0,10.63990097531855,10.63990097531855,36.27540007259375,6.882875780575178e-13,-75.15885636074066,12.614293206595732,12.817749548637599,59.929521177974095,1863.496409898258,2640.4868727363423,-12.820992204969132,-12.822561881283685,-8.213779935780787,-8.21534961209534,False,True,exploratory_double
symmetry_x_even,99,10,True,neumann_corrected_tail,x_only,0.0,0.0,0.0,10.63990097531855,10.63990097531855,36.27540007259375,6.882875780575178e-13,-75.15885636074066,12.614293206595732,12.817749548637599,59.929521177974095,1863.496409898258,2640.4868727363423,-12.820992204969132,-12.822561881283685,-8.213779935780787,-8.21534961209534,False,True,exploratory_double
symmetry_x_even,99,10,True,neumann_corrected_tail,y_only,0.0,0.0,0.0,10.63990097531855,10.63990097531855,36.27540007259375,6.882875780575178e-13,-75.15885636074066,12.614293206595732,12.817749548637599,59.929521177974095,1863.496409898258,2640.4868727363423,-12.820992204969132,-12.822561881283685,-8.213779935780787,-8.21534961209534,False,True,exploratory_double
symmetry_x_even,99,10,True,neumann_corrected_tail,omega_up,0.0,0.0,0.0,10.63990097531855,10.63990097531855,36.27540007259375,6.882875780575178e-13,-75.15885636074066,12.614293206595732,12.817749548637599,59.929521177974095,1863.496409898258,2640.4868727363423,-12.820992204969132,-12.822561881283685,-8.213779935780787,-8.21534961209534,False,True,exploratory_double
symmetry_x_even,99,10,True,neumann_corrected_tail,square,0.0,0.0,0.0,10.63990097531855,10.63990097531855,36.27540007259375,6.882875780575178e-13,-75.15885636074066,12.614293206595732,12.817749548637599,59.929521177974095,1863.496409898258,2640.4868727363423,-12.820992204969132,-12.822561881283685,-8.213779935780787,-8.21534961209534,False,True,exploratory_double
signed_xxy,99,10,True,neumann_corrected_tail,x_only,0.0,0.0,0.0,10.63990097531855,10.63990097531855,36.27540007259375,6.882875780575178e-13,-75.15885636074066,12.614293206595732,12.817749548637599,59.929521177974095,1863.496409898258,2640.4868727363423,-12.820992204969132,-12.822561881283685,-8.213779935780787,-8.21534961209534,False,True,exploratory_double
signed_xxy,99,10,True,neumann_corrected_tail,y_only,0.0,0.0,0.0,10.63990097531855,10.63990097531855,36.27540007259375,6.882875780575178e-13,-75.15885636074066,12.614293206595732,12.817749548637599,59.929521177974095,1863.496409898258,2640.4868727363423,-12.820992204969132,-12.822561881283685,-8.213779935780787,-8.21534961209534,False,True,exploratory_double
signed_xxy,99,10,True,neumann_corrected_tail,omega_up,0.0,0.0,0.0,10.63990097531855,10.63990097531855,36.27540007259375,6.882875780575178e-13,-75.15885636074066,12.614293206595732,12.817749548637599,59.929521177974095,1863.496409898258,2640.4868727363423,-12.820992204969132,-12.822561881283685,-8.213779935780787,-8.21534961209534,False,True,exploratory_double
signed_xxy,99,10,True,neumann_corrected_tail,square,0.0,0.0,0.0,10.63990097531855,10.63990097531855,36.27540007259375,6.882875780575178e-13,-75.15885636074066,12.614293206595732,12.817749548637599,59.929521177974095,1863.496409898258,2640.4868727363423,-12.820992204969132,-12.822561881283685,-8.213779935780787,-8.21534961209534,False,True,exploratory_double
symmetry_x_even,101,,,tail_ignored,x_only,0.2,0.0,0.2,36.27540007259375,36.27540007259375,36.27540007259375,6.882875780575178e-13,-75.15885636074067,0.0,0.0,59.929521177974095,1514.9912266937772,1931.394082846672,-13.35789251319255,-13.189512840739116,2.349816484462478,2.518196156915911,True,True,exploratory_double
symmetry_x_even,101,,,tail_ignored,y_only,0.0,0.0033457152710447005,0.0033457152710447005,29.813505395208264,36.27540007259375,36.27540007259375,6.882875780575178e-13,-75.15885636074067,0.0,0.0,59.929521177974095,1514.9912266937772,1931.394082846672,-12.858194351054804,-12.859752773915325,0.001558422860522768,1.7763568394002505e-15,True,True,exploratory_double
symmetry_x_even,101,,,tail_ignored,omega_up,0.03328658344188004,0.0033286583441880045,0.03345260234429565,29.846449042810836,36.27540007259375,36.27540007259375,6.882875780575178e-13,-75.15885636074067,0.0,0.0,59.929521177974095,1514.9912266937772,1931.394082846672,-12.874217226090593,-12.871088114484847,1.7763568394002505e-15,0.003129111605748136,True,True,exploratory_double
symmetry_x_even,101,,,tail_ignored,square,0.0033455793489446484,0.0033455793489446484,0.004731363689272871,29.813767914348034,36.27540007259375,36.27540007259375,6.882875780575178e-13,-75.15885636074067,0.0,0.0,59.929521177974095,1514.9912266937772,1931.394082846672,-12.858356950245183,-12.859868035055161,0.00151108480998019,1.7763568394002505e-15,True,True,exploratory_double
signed_xxy,101,,,tail_ignored,x_only,0.2,0.0,0.2,36.27540007259375,36.27540007259375,36.27540007259375,6.882875780575178e-13,-75.15885636074067,0.0,0.0,59.929521177974095,1514.9912266937772,1931.394082846672,-13.35789251319255,-13.189512840739116,2.349816484462478,2.518196156915911,True,True,exploratory_double
signed_xxy,101,,,tail_ignored,y_only,0.0,0.09735443867766096,0.09735443867766096,36.27540007259375,36.27540007259375,36.27540007259375,6.882875780575178e-13,-75.15885636074067,0.0,0.0,59.929521177974095,1514.9912266937772,1931.394082846672,-13.941923391717554,-13.927248621233888,1.7763568394002505e-15,0.014674770483667388,True,True,exploratory_double
signed_xxy,101,,,tail_ignored,omega_up,0.2,0.020000000000000004,0.2009975124224178,36.27540007259375,36.27540007259375,36.27540007259375,6.882875780575178e-13,-75.15885636074067,0.0,0.0,59.929521177974095,1514.9912266937772,1931.394082846672,-13.637399066293009,-13.462063407637975,1.7075559306360795,1.8828915892911127,True,True,exploratory_double
signed_xxy,101,,,tail_ignored,square,0.09115338376682096,0.09115338376682096,0.12891035157923772,36.27540007259375,36.27540007259375,36.27540007259375,6.882875780575178e-13,-75.15885636074067,0.0,0.0,59.929521177974095,1514.9912266937772,1931.394082846672,-14.054396265598971,-14.000917736772431,5.329070518200751e-15,0.05347852882654536,True,True,exploratory_double
symmetry_x_even,101,5,True,neumann_corrected_tail,x_only,0.0,0.0,0.0,-15.404472254040435,-15.404472254040435,36.27540007259375,6.882875780575178e-13,-75.15885636074067,25.436187160765265,25.83993616331709,59.929521177974095,2178.4658064575847,2892.692359667518,-12.820992204969132,-12.822561881283685,-19.491324356914905,-19.492894033229458,False,True,exploratory_double
symmetry_x_even,101,5,True,neumann_corrected_tail,y_only,0.0,0.0,0.0,-15.404472254040435,-15.404472254040435,36.27540007259375,6.882875780575178e-13,-75.15885636074067,25.436187160765265,25.83993616331709,59.929521177974095,2178.4658064575847,2892.692359667518,-12.820992204969132,-12.822561881283685,-19.491324356914905,-19.492894033229458,False,True,exploratory_double
symmetry_x_even,101,5,True,neumann_corrected_tail,omega_up,0.0,0.0,0.0,-15.404472254040435,-15.404472254040435,36.27540007259375,6.882875780575178e-13,-75.15885636074067,25.436187160765265,25.83993616331709,59.929521177974095,2178.4658064575847,2892.692359667518,-12.820992204969132,-12.822561881283685,-19.491324356914905,-19.492894033229458,False,True,exploratory_double
symmetry_x_even,101,5,True,neumann_corrected_tail,square,0.0,0.0,0.0,-15.404472254040435,-15.404472254040435,36.27540007259375,6.882875780575178e-13,-75.15885636074067,25.436187160765265,25.83993616331709,59.929521177974095,2178.4658064575847,2892.692359667518,-12.820992204969132,-12.822561881283685,-19.491324356914905,-19.492894033229458,False,True,exploratory_double
signed_xxy,101,5,True,neumann_corrected_tail,x_only,0.0,0.0,0.0,-15.404472254040435,-15.404472254040435,36.27540007259375,6.882875780575178e-13,-75.15885636074067,25.436187160765265,25.83993616331709,59.929521177974095,2178.4658064575847,2892.692359667518,-12.820992204969132,-12.822561881283685,-19.491324356914905,-19.492894033229458,False,True,exploratory_double
signed_xxy,101,5,True,neumann_corrected_tail,y_only,0.0,0.0,0.0,-15.404472254040435,-15.404472254040435,36.27540007259375,6.882875780575178e-13,-75.15885636074067,25.436187160765265,25.83993616331709,59.929521177974095,2178.4658064575847,2892.692359667518,-12.820992204969132,-12.822561881283685,-19.491324356914905,-19.492894033229458,False,True,exploratory_double
signed_xxy,101,5,True,neumann_corrected_tail,omega_up,0.0,0.0,0.0,-15.404472254040435,-15.404472254040435,36.27540007259375,6.882875780575178e-13,-75.15885636074067,25.436187160765265,25.83993616331709,59.929521177974095,2178.4658064575847,2892.692359667518,-12.820992204969132,-12.822561881283685,-19.491324356914905,-19.492894033229458,False,True,exploratory_double
signed_xxy,101,5,True,neumann_corrected_tail,square,0.0,0.0,0.0,-15.404472254040435,-15.404472254040435,36.27540007259375,6.882875780575178e-13,-75.15885636074067,25.436187160765265,25.83993616331709,59.929521177974095,2178.4658064575847,2892.692359667518,-12.820992204969132,-12.822561881283685,-19.491324356914905,-19.492894033229458,False,True,exploratory_double
symmetry_x_even,101,6,False,neumann_corrected_tail,x_only,0.0,0.0,0.0,-15.404472254040435,-15.404472254040435,36.27540007259375,6.882875780575178e-13,-75.15885636074067,25.436187160765265,25.83993616331709,59.929521177974095,2178.4658064575847,2892.692359667518,-12.820992204969132,-12.822561881283685,-19.491324356914905,-19.492894033229458,False,True,exploratory_double
symmetry_x_even,101,6,False,neumann_corrected_tail,y_only,0.0,0.0,0.0,-15.404472254040435,-15.404472254040435,36.27540007259375,6.882875780575178e-13,-75.15885636074067,25.436187160765265,25.83993616331709,59.929521177974095,2178.4658064575847,2892.692359667518,-12.820992204969132,-12.822561881283685,-19.491324356914905,-19.492894033229458,False,True,exploratory_double
symmetry_x_even,101,6,False,neumann_corrected_tail,omega_up,0.0,0.0,0.0,-15.404472254040435,-15.404472254040435,36.27540007259375,6.882875780575178e-13,-75.15885636074067,25.436187160765265,25.83993616331709,59.929521177974095,2178.4658064575847,2892.692359667518,-12.820992204969132,-12.822561881283685,-19.491324356914905,-19.492894033229458,False,True,exploratory_double
symmetry_x_even,101,6,False,neumann_corrected_tail,square,0.0,0.0,0.0,-15.404472254040435,-15.404472254040435,36.27540007259375,6.882875780575178e-13,-75.15885636074067,25.436187160765265,25.83993616331709,59.929521177974095,2178.4658064575847,2892.692359667518,-12.820992204969132,-12.822561881283685,-19.491324356914905,-19.492894033229458,False,True,exploratory_double
signed_xxy,101,6,False,neumann_corrected_tail,x_only,0.0,0.0,0.0,-15.404472254040435,-15.404472254040435,36.27540007259375,6.882875780575178e-13,-75.15885636074067,25.436187160765265,25.83993616331709,59.929521177974095,2178.4658064575847,2892.692359667518,-12.820992204969132,-12.822561881283685,-19.491324356914905,-19.492894033229458,False,True,exploratory_double
signed_xxy,101,6,False,neumann_corrected_tail,y_only,0.0,0.0,0.0,-15.404472254040435,-15.404472254040435,36.27540007259375,6.882875780575178e-13,-75.15885636074067,25.436187160765265,25.83993616331709,59.929521177974095,2178.4658064575847,2892.692359667518,-12.820992204969132,-12.822561881283685,-19.491324356914905,-19.492894033229458,False,True,exploratory_double
signed_xxy,101,6,False,neumann_corrected_tail,omega_up,0.0,0.0,0.0,-15.404472254040435,-15.404472254040435,36.27540007259375,6.882875780575178e-13,-75.15885636074067,25.436187160765265,25.83993616331709,59.929521177974095,2178.4658064575847,2892.692359667518,-12.820992204969132,-12.822561881283685,-19.491324356914905,-19.492894033229458,False,True,exploratory_double
signed_xxy,101,6,False,neumann_corrected_tail,square,0.0,0.0,0.0,-15.404472254040435,-15.404472254040435,36.27540007259375,6.882875780575178e-13,-75.15885636074067,25.436187160765265,25.83993616331709,59.929521177974095,2178.4658064575847,2892.692359667518,-12.820992204969132,-12.822561881283685,-19.491324356914905,-19.492894033229458,False,True,exploratory_double
symmetry_x_even,101,7,True,neumann_corrected_tail,x_only,0.0,0.0,0.0,10.646359906811941,10.646359906811941,36.27540007259375,6.882875780575178e-13,-75.15885636074067,12.614293206595732,12.814520082890903,59.929521177974095,1863.3095598272555,2640.120841194724,-12.820992204969132,-12.822561881283685,-8.210983136403497,-8.21255281271805,False,True,exploratory_double
symmetry_x_even,101,7,True,neumann_corrected_tail,y_only,0.0,0.0,0.0,10.646359906811941,10.646359906811941,36.27540007259375,6.882875780575178e-13,-75.15885636074067,12.614293206595732,12.814520082890903,59.929521177974095,1863.3095598272555,2640.120841194724,-12.820992204969132,-12.822561881283685,-8.210983136403497,-8.21255281271805,False,True,exploratory_double
symmetry_x_even,101,7,True,neumann_corrected_tail,omega_up,0.0,0.0,0.0,10.646359906811941,10.646359906811941,36.27540007259375,6.882875780575178e-13,-75.15885636074067,12.614293206595732,12.814520082890903,59.929521177974095,1863.3095598272555,2640.120841194724,-12.820992204969132,-12.822561881283685,-8.210983136403497,-8.21255281271805,False,True,exploratory_double
symmetry_x_even,101,7,True,neumann_corrected_tail,square,0.0,0.0,0.0,10.646359906811941,10.646359906811941,36.27540007259375,6.882875780575178e-13,-75.15885636074067,12.614293206595732,12.814520082890903,59.929521177974095,1863.3095598272555,2640.120841194724,-12.820992204969132,-12.822561881283685,-8.210983136403497,-8.21255281271805,False,True,exploratory_double
signed_xxy,101,7,True,neumann_corrected_tail,x_only,0.0,0.0,0.0,10.646359906811941,10.646359906811941,36.27540007259375,6.882875780575178e-13,-75.15885636074067,12.614293206595732,12.814520082890903,59.929521177974095,1863.3095598272555,2640.120841194724,-12.820992204969132,-12.822561881283685,-8.210983136403497,-8.21255281271805,False,True,exploratory_double
signed_xxy,101,7,True,neumann_corrected_tail,y_only,0.0,0.0,0.0,10.646359906811941,10.646359906811941,36.27540007259375,6.882875780575178e-13,-75.15885636074067,12.614293206595732,12.814520082890903,59.929521177974095,1863.3095598272555,2640.120841194724,-12.820992204969132,-12.822561881283685,-8.210983136403497,-8.21255281271805,False,True,exploratory_double
signed_xxy,101,7,True,neumann_corrected_tail,omega_up,0.0,0.0,0.0,10.646359906811941,10.646359906811941,36.27540007259375,6.882875780575178e-13,-75.15885636074067,12.614293206595732,12.814520082890903,59.929521177974095,1863.3095598272555,2640.120841194724,-12.820992204969132,-12.822561881283685,-8.210983136403497,-8.21255281271805,False,True,exploratory_double
signed_xxy,101,7,True,neumann_corrected_tail,square,0.0,0.0,0.0,10.646359906811941,10.646359906811941,36.27540007259375,6.882875780575178e-13,-75.15885636074067,12.614293206595732,12.814520082890903,59.929521177974095,1863.3095598272555,2640.120841194724,-12.820992204969132,-12.822561881283685,-8.210983136403497,-8.21255281271805,False,True,exploratory_double
symmetry_x_even,101,8,False,neumann_corrected_tail,x_only,0.0,0.0,0.0,10.646359906811941,10.646359906811941,36.27540007259375,6.882875780575178e-13,-75.15885636074067,12.614293206595732,12.814520082890903,59.929521177974095,1863.3095598272555,2640.120841194724,-12.820992204969132,-12.822561881283685,-8.210983136403497,-8.21255281271805,False,True,exploratory_double
symmetry_x_even,101,8,False,neumann_corrected_tail,y_only,0.0,0.0,0.0,10.646359906811941,10.646359906811941,36.27540007259375,6.882875780575178e-13,-75.15885636074067,12.614293206595732,12.814520082890903,59.929521177974095,1863.3095598272555,2640.120841194724,-12.820992204969132,-12.822561881283685,-8.210983136403497,-8.21255281271805,False,True,exploratory_double
symmetry_x_even,101,8,False,neumann_corrected_tail,omega_up,0.0,0.0,0.0,10.646359906811941,10.646359906811941,36.27540007259375,6.882875780575178e-13,-75.15885636074067,12.614293206595732,12.814520082890903,59.929521177974095,1863.3095598272555,2640.120841194724,-12.820992204969132,-12.822561881283685,-8.210983136403497,-8.21255281271805,False,True,exploratory_double
symmetry_x_even,101,8,False,neumann_corrected_tail,square,0.0,0.0,0.0,10.646359906811941,10.646359906811941,36.27540007259375,6.882875780575178e-13,-75.15885636074067,12.614293206595732,12.814520082890903,59.929521177974095,1863.3095598272555,2640.120841194724,-12.820992204969132,-12.822561881283685,-8.210983136403497,-8.21255281271805,False,True,exploratory_double
signed_xxy,101,8,False,neumann_corrected_tail,x_only,0.0,0.0,0.0,10.646359906811941,10.646359906811941,36.27540007259375,6.882875780575178e-13,-75.15885636074067,12.614293206595732,12.814520082890903,59.929521177974095,1863.3095598272555,2640.120841194724,-12.820992204969132,-12.822561881283685,-8.210983136403497,-8.21255281271805,False,True,exploratory_double
signed_xxy,101,8,False,neumann_corrected_tail,y_only,0.0,0.0,0.0,10.646359906811941,10.646359906811941,36.27540007259375,6.882875780575178e-13,-75.15885636074067,12.614293206595732,12.814520082890903,59.929521177974095,1863.3095598272555,2640.120841194724,-12.820992204969132,-12.822561881283685,-8.210983136403497,-8.21255281271805,False,True,exploratory_double
signed_xxy,101,8,False,neumann_corrected_tail,omega_up,0.0,0.0,0.0,10.646359906811941,10.646359906811941,36.27540007259375,6.882875780575178e-13,-75.15885636074067,12.614293206595732,12.814520082890903,59.929521177974095,1863.3095598272555,2640.120841194724,-12.820992204969132,-12.822561881283685,-8.210983136403497,-8.21255281271805,False,True,exploratory_double
signed_xxy,101,8,False,neumann_corrected_tail,square,0.0,0.0,0.0,10.646359906811941,10.646359906811941,36.27540007259375,6.882875780575178e-13,-75.15885636074067,12.614293206595732,12.814520082890903,59.929521177974095,1863.3095598272555,2640.120841194724,-12.820992204969132,-12.822561881283685,-8.210983136403497,-8.21255281271805,False,True,exploratory_double
symmetry_x_even,101,9,True,neumann_corrected_tail,x_only,0.0,0.0,0.0,10.646359906811941,10.646359906811941,36.27540007259375,6.882875780575178e-13,-75.15885636074067,12.614293206595732,12.814520082890903,59.929521177974095,1863.3095598272555,2640.120841194724,-12.820992204969132,-12.822561881283685,-8.210983136403497,-8.21255281271805,False,True,exploratory_double
symmetry_x_even,101,9,True,neumann_corrected_tail,y_only,0.0,0.0,0.0,10.646359906811941,10.646359906811941,36.27540007259375,6.882875780575178e-13,-75.15885636074067,12.614293206595732,12.814520082890903,59.929521177974095,1863.3095598272555,2640.120841194724,-12.820992204969132,-12.822561881283685,-8.210983136403497,-8.21255281271805,False,True,exploratory_double
symmetry_x_even,101,9,True,neumann_corrected_tail,omega_up,0.0,0.0,0.0,10.646359906811941,10.646359906811941,36.27540007259375,6.882875780575178e-13,-75.15885636074067,12.614293206595732,12.814520082890903,59.929521177974095,1863.3095598272555,2640.120841194724,-12.820992204969132,-12.822561881283685,-8.210983136403497,-8.21255281271805,False,True,exploratory_double
symmetry_x_even,101,9,True,neumann_corrected_tail,square,0.0,0.0,0.0,10.646359906811941,10.646359906811941,36.27540007259375,6.882875780575178e-13,-75.15885636074067,12.614293206595732,12.814520082890903,59.929521177974095,1863.3095598272555,2640.120841194724,-12.820992204969132,-12.822561881283685,-8.210983136403497,-8.21255281271805,False,True,exploratory_double
signed_xxy,101,9,True,neumann_corrected_tail,x_only,0.0,0.0,0.0,10.646359906811941,10.646359906811941,36.27540007259375,6.882875780575178e-13,-75.15885636074067,12.614293206595732,12.814520082890903,59.929521177974095,1863.3095598272555,2640.120841194724,-12.820992204969132,-12.822561881283685,-8.210983136403497,-8.21255281271805,False,True,exploratory_double
signed_xxy,101,9,True,neumann_corrected_tail,y_only,0.0,0.0,0.0,10.646359906811941,10.646359906811941,36.27540007259375,6.882875780575178e-13,-75.15885636074067,12.614293206595732,12.814520082890903,59.929521177974095,1863.3095598272555,2640.120841194724,-12.820992204969132,-12.822561881283685,-8.210983136403497,-8.21255281271805,False,True,exploratory_double
signed_xxy,101,9,True,neumann_corrected_tail,omega_up,0.0,0.0,0.0,10.646359906811941,10.646359906811941,36.27540007259375,6.882875780575178e-13,-75.15885636074067,12.614293206595732,12.814520082890903,59.929521177974095,1863.3095598272555,2640.120841194724,-12.820992204969132,-12.822561881283685,-8.210983136403497,-8.21255281271805,False,True,exploratory_double
signed_xxy,101,9,True,neumann_corrected_tail,square,0.0,0.0,0.0,10.646359906811941,10.646359906811941,36.27540007259375,6.882875780575178e-13,-75.15885636074067,12.614293206595732,12.814520082890903,59.929521177974095,1863.3095598272555,2640.120841194724,-12.820992204969132,-12.822561881283685,-8.210983136403497,-8.21255281271805,False,True,exploratory_double
symmetry_x_even,101,10,True,neumann_corrected_tail,x_only,0.0,0.0,0.0,10.646359906811941,10.646359906811941,36.27540007259375,6.882875780575178e-13,-75.15885636074067,12.614293206595732,12.814520082890903,59.929521177974095,1863.3095598272555,2640.120841194724,-12.820992204969132,-12.822561881283685,-8.210983136403497,-8.21255281271805,False,True,exploratory_double
symmetry_x_even,101,10,True,neumann_corrected_tail,y_only,0.0,0.0,0.0,10.646359906811941,10.646359906811941,36.27540007259375,6.882875780575178e-13,-75.15885636074067,12.614293206595732,12.814520082890903,59.929521177974095,1863.3095598272555,2640.120841194724,-12.820992204969132,-12.822561881283685,-8.210983136403497,-8.21255281271805,False,True,exploratory_double
symmetry_x_even,101,10,True,neumann_corrected_tail,omega_up,0.0,0.0,0.0,10.646359906811941,10.646359906811941,36.27540007259375,6.882875780575178e-13,-75.15885636074067,12.614293206595732,12.814520082890903,59.929521177974095,1863.3095598272555,2640.120841194724,-12.820992204969132,-12.822561881283685,-8.210983136403497,-8.21255281271805,False,True,exploratory_double
symmetry_x_even,101,10,True,neumann_corrected_tail,square,0.0,0.0,0.0,10.646359906811941,10.646359906811941,36.27540007259375,6.882875780575178e-13,-75.15885636074067,12.614293206595732,12.814520082890903,59.929521177974095,1863.3095598272555,2640.120841194724,-12.820992204969132,-12.822561881283685,-8.210983136403497,-8.21255281271805,False,True,exploratory_double
signed_xxy,101,10,True,neumann_corrected_tail,x_only,0.0,0.0,0.0,10.646359906811941,10.646359906811941,36.27540007259375,6.882875780575178e-13,-75.15885636074067,12.614293206595732,12.814520082890903,59.929521177974095,1863.3095598272555,2640.120841194724,-12.820992204969132,-12.822561881283685,-8.210983136403497,-8.21255281271805,False,True,exploratory_double
signed_xxy,101,10,True,neumann_corrected_tail,y_only,0.0,0.0,0.0,10.646359906811941,10.646359906811941,36.27540007259375,6.882875780575178e-13,-75.15885636074067,12.614293206595732,12.814520082890903,59.929521177974095,1863.3095598272555,2640.120841194724,-12.820992204969132,-12.822561881283685,-8.210983136403497,-8.21255281271805,False,True,exploratory_double
signed_xxy,101,10,True,neumann_corrected_tail,omega_up,0.0,0.0,0.0,10.646359906811941,10.646359906811941,36.27540007259375,6.882875780575178e-13,-75.15885636074067,12.614293206595732,12.814520082890903,59.929521177974095,1863.3095598272555,2640.120841194724,-12.820992204969132,-12.822561881283685,-8.210983136403497,-8.21255281271805,False,True,exploratory_double
signed_xxy,101,10,True,neumann_corrected_tail,square,0.0,0.0,0.0,10.646359906811941,10.646359906811941,36.27540007259375,6.882875780575178e-13,-75.15885636074067,12.614293206595732,12.814520082890903,59.929521177974095,1863.3095598272555,2640.120841194724,-12.820992204969132,-12.822561881283685,-8.210983136403497,-8.21255281271805,False,True,exploratory_double
symmetry_x_even,199,,,tail_ignored,x_only,0.2,0.0,0.2,36.255004229305264,36.255004229305264,36.255004229305264,6.350043961322369e-13,-75.17071728409633,0.0,0.0,59.919456471344404,1515.2886228497398,1931.715653776451,-13.35789251319255,-13.189512840739116,2.340984825252761,2.509364497706194,True,True,exploratory_double
symmetry_x_even,199,,,tail_ignored,y_only,0.0,0.0033349366743955443,0.0033349366743955443,29.812854851022212,36.255004229305264,36.255004229305264,6.350043961322369e-13,-75.17071728409633,0.0,0.0,59.919456471344404,1515.2886228497398,1931.715653776451,-12.858074328440022,-12.85963283865613,0.0015585102161104203,1.7763568394002505e-15,True,True,exploratory_double
symmetry_x_even,199,,,tail_ignored,omega_up,0.033180041319567824,0.0033180041319567826,0.03334552883653085,29.845563708309403,36.255004229305264,36.255004229305264,6.350043961322369e-13,-75.17071728409633,0.0,0.0,59.919456471344404,1515.2886228497398,1931.715653776451,-12.873994328979041,-12.870895359870222,1.7763568394002505e-15,0.0030989691088212368,True,True,exploratory_double
symmetry_x_even,199,,,tail_ignored,square,0.0033348016589985993,0.0033348016589985993,0.0047161217339801165,29.813115662377992,36.255004229305264,36.255004229305264,6.350043961322369e-13,-75.17071728409633,0.0,0.0,59.919456471344404,1515.2886228497398,1931.715653776451,-12.858235873462686,-12.859747351006126,0.0015114775434419414,1.7763568394002505e-15,True,True,exploratory_double
signed_xxy,199,,,tail_ignored,x_only,0.2,0.0,0.2,36.255004229305264,36.255004229305264,36.255004229305264,6.350043961322369e-13,-75.17071728409633,0.0,0.0,59.919456471344404,1515.2886228497398,1931.715653776451,-13.35789251319255,-13.189512840739116,2.340984825252761,2.509364497706194,True,True,exploratory_double
signed_xxy,199,,,tail_ignored,y_only,0.0,0.0970929393197893,0.0970929393197893,36.255004229305264,36.255004229305264,36.255004229305264,6.350043961322369e-13,-75.17071728409633,0.0,0.0,59.919456471344404,1515.2886228497398,1931.715653776451,-13.93882487560799,-13.924246872497154,1.7763568394002505e-15,0.014578003110838011,True,True,exploratory_double
signed_xxy,199,,,tail_ignored,omega_up,0.2,0.020000000000000004,0.2009975124224178,36.255004229305264,36.255004229305264,36.255004229305264,6.350043961322369e-13,-75.17071728409633,0.0,0.0,59.919456471344404,1515.2886228497398,1931.715653776451,-13.637399066293009,-13.462063407637975,1.6989282298592485,1.8742638885142817,True,True,exploratory_double
signed_xxy,199,,,tail_ignored,square,0.09092689692675254,0.09092689692675254,0.12859005081831393,36.255004229305264,36.255004229305264,36.255004229305264,6.350043961322369e-13,-75.17071728409633,0.0,0.0,59.919456471344404,1515.2886228497398,1931.715653776451,-14.050599822126799,-13.997418584882716,3.552713678800501e-15,0.05318123724408608,True,True,exploratory_double
symmetry_x_even,199,5,True,neumann_corrected_tail,x_only,0.0,0.0,0.0,-15.019835511998615,-15.019835511998615,36.255004229305264,6.350043961322369e-13,-75.17071728409633,25.426122454135573,25.63741987065194,59.919456471344404,2168.282961551821,2877.8383392593723,-12.820992204969132,-12.822561881283685,-19.324771761996356,-19.32634143831091,False,True,exploratory_double
symmetry_x_even,199,5,True,neumann_corrected_tail,y_only,0.0,0.0,0.0,-15.019835511998615,-15.019835511998615,36.255004229305264,6.350043961322369e-13,-75.17071728409633,25.426122454135573,25.63741987065194,59.919456471344404,2168.282961551821,2877.8383392593723,-12.820992204969132,-12.822561881283685,-19.324771761996356,-19.32634143831091,False,True,exploratory_double
symmetry_x_even,199,5,True,neumann_corrected_tail,omega_up,0.0,0.0,0.0,-15.019835511998615,-15.019835511998615,36.255004229305264,6.350043961322369e-13,-75.17071728409633,25.426122454135573,25.63741987065194,59.919456471344404,2168.282961551821,2877.8383392593723,-12.820992204969132,-12.822561881283685,-19.324771761996356,-19.32634143831091,False,True,exploratory_double
symmetry_x_even,199,5,True,neumann_corrected_tail,square,0.0,0.0,0.0,-15.019835511998615,-15.019835511998615,36.255004229305264,6.350043961322369e-13,-75.17071728409633,25.426122454135573,25.63741987065194,59.919456471344404,2168.282961551821,2877.8383392593723,-12.820992204969132,-12.822561881283685,-19.324771761996356,-19.32634143831091,False,True,exploratory_double
signed_xxy,199,5,True,neumann_corrected_tail,x_only,0.0,0.0,0.0,-15.019835511998615,-15.019835511998615,36.255004229305264,6.350043961322369e-13,-75.17071728409633,25.426122454135573,25.63741987065194,59.919456471344404,2168.282961551821,2877.8383392593723,-12.820992204969132,-12.822561881283685,-19.324771761996356,-19.32634143831091,False,True,exploratory_double
signed_xxy,199,5,True,neumann_corrected_tail,y_only,0.0,0.0,0.0,-15.019835511998615,-15.019835511998615,36.255004229305264,6.350043961322369e-13,-75.17071728409633,25.426122454135573,25.63741987065194,59.919456471344404,2168.282961551821,2877.8383392593723,-12.820992204969132,-12.822561881283685,-19.324771761996356,-19.32634143831091,False,True,exploratory_double
signed_xxy,199,5,True,neumann_corrected_tail,omega_up,0.0,0.0,0.0,-15.019835511998615,-15.019835511998615,36.255004229305264,6.350043961322369e-13,-75.17071728409633,25.426122454135573,25.63741987065194,59.919456471344404,2168.282961551821,2877.8383392593723,-12.820992204969132,-12.822561881283685,-19.324771761996356,-19.32634143831091,False,True,exploratory_double
signed_xxy,199,5,True,neumann_corrected_tail,square,0.0,0.0,0.0,-15.019835511998615,-15.019835511998615,36.255004229305264,6.350043961322369e-13,-75.17071728409633,25.426122454135573,25.63741987065194,59.919456471344404,2168.282961551821,2877.8383392593723,-12.820992204969132,-12.822561881283685,-19.324771761996356,-19.32634143831091,False,True,exploratory_double
symmetry_x_even,199,6,False,neumann_corrected_tail,x_only,0.0,0.0,0.0,-15.019835511998615,-15.019835511998615,36.255004229305264,6.350043961322369e-13,-75.17071728409633,25.426122454135573,25.63741987065194,59.919456471344404,2168.282961551821,2877.8383392593723,-12.820992204969132,-12.822561881283685,-19.324771761996356,-19.32634143831091,False,True,exploratory_double
symmetry_x_even,199,6,False,neumann_corrected_tail,y_only,0.0,0.0,0.0,-15.019835511998615,-15.019835511998615,36.255004229305264,6.350043961322369e-13,-75.17071728409633,25.426122454135573,25.63741987065194,59.919456471344404,2168.282961551821,2877.8383392593723,-12.820992204969132,-12.822561881283685,-19.324771761996356,-19.32634143831091,False,True,exploratory_double
symmetry_x_even,199,6,False,neumann_corrected_tail,omega_up,0.0,0.0,0.0,-15.019835511998615,-15.019835511998615,36.255004229305264,6.350043961322369e-13,-75.17071728409633,25.426122454135573,25.63741987065194,59.919456471344404,2168.282961551821,2877.8383392593723,-12.820992204969132,-12.822561881283685,-19.324771761996356,-19.32634143831091,False,True,exploratory_double
symmetry_x_even,199,6,False,neumann_corrected_tail,square,0.0,0.0,0.0,-15.019835511998615,-15.019835511998615,36.255004229305264,6.350043961322369e-13,-75.17071728409633,25.426122454135573,25.63741987065194,59.919456471344404,2168.282961551821,2877.8383392593723,-12.820992204969132,-12.822561881283685,-19.324771761996356,-19.32634143831091,False,True,exploratory_double
signed_xxy,199,6,False,neumann_corrected_tail,x_only,0.0,0.0,0.0,-15.019835511998615,-15.019835511998615,36.255004229305264,6.350043961322369e-13,-75.17071728409633,25.426122454135573,25.63741987065194,59.919456471344404,2168.282961551821,2877.8383392593723,-12.820992204969132,-12.822561881283685,-19.324771761996356,-19.32634143831091,False,True,exploratory_double
signed_xxy,199,6,False,neumann_corrected_tail,y_only,0.0,0.0,0.0,-15.019835511998615,-15.019835511998615,36.255004229305264,6.350043961322369e-13,-75.17071728409633,25.426122454135573,25.63741987065194,59.919456471344404,2168.282961551821,2877.8383392593723,-12.820992204969132,-12.822561881283685,-19.324771761996356,-19.32634143831091,False,True,exploratory_double
signed_xxy,199,6,False,neumann_corrected_tail,omega_up,0.0,0.0,0.0,-15.019835511998615,-15.019835511998615,36.255004229305264,6.350043961322369e-13,-75.17071728409633,25.426122454135573,25.63741987065194,59.919456471344404,2168.282961551821,2877.8383392593723,-12.820992204969132,-12.822561881283685,-19.324771761996356,-19.32634143831091,False,True,exploratory_double
signed_xxy,199,6,False,neumann_corrected_tail,square,0.0,0.0,0.0,-15.019835511998615,-15.019835511998615,36.255004229305264,6.350043961322369e-13,-75.17071728409633,25.426122454135573,25.63741987065194,59.919456471344404,2168.282961551821,2877.8383392593723,-12.820992204969132,-12.822561881283685,-19.324771761996356,-19.32634143831091,False,True,exploratory_double
symmetry_x_even,199,7,True,neumann_corrected_tail,x_only,0.0,0.0,0.0,10.837058667046872,10.837058667046872,36.255004229305264,6.350043961322369e-13,-75.17071728409633,12.604228499966041,12.708972781129196,59.919456471344404,1857.8124168385111,2629.339401609138,-12.820992204969132,-12.822561881283685,-8.128408150986672,-8.129977827301225,False,True,exploratory_double
symmetry_x_even,199,7,True,neumann_corrected_tail,y_only,0.0,0.0,0.0,10.837058667046872,10.837058667046872,36.255004229305264,6.350043961322369e-13,-75.17071728409633,12.604228499966041,12.708972781129196,59.919456471344404,1857.8124168385111,2629.339401609138,-12.820992204969132,-12.822561881283685,-8.128408150986672,-8.129977827301225,False,True,exploratory_double
symmetry_x_even,199,7,True,neumann_corrected_tail,omega_up,0.0,0.0,0.0,10.837058667046872,10.837058667046872,36.255004229305264,6.350043961322369e-13,-75.17071728409633,12.604228499966041,12.708972781129196,59.919456471344404,1857.8124168385111,2629.339401609138,-12.820992204969132,-12.822561881283685,-8.128408150986672,-8.129977827301225,False,True,exploratory_double
symmetry_x_even,199,7,True,neumann_corrected_tail,square,0.0,0.0,0.0,10.837058667046872,10.837058667046872,36.255004229305264,6.350043961322369e-13,-75.17071728409633,12.604228499966041,12.708972781129196,59.919456471344404,1857.8124168385111,2629.339401609138,-12.820992204969132,-12.822561881283685,-8.128408150986672,-8.129977827301225,False,True,exploratory_double
signed_xxy,199,7,True,neumann_corrected_tail,x_only,0.0,0.0,0.0,10.837058667046872,10.837058667046872,36.255004229305264,6.350043961322369e-13,-75.17071728409633,12.604228499966041,12.708972781129196,59.919456471344404,1857.8124168385111,2629.339401609138,-12.820992204969132,-12.822561881283685,-8.128408150986672,-8.129977827301225,False,True,exploratory_double
signed_xxy,199,7,True,neumann_corrected_tail,y_only,0.0,0.0,0.0,10.837058667046872,10.837058667046872,36.255004229305264,6.350043961322369e-13,-75.17071728409633,12.604228499966041,12.708972781129196,59.919456471344404,1857.8124168385111,2629.339401609138,-12.820992204969132,-12.822561881283685,-8.128408150986672,-8.129977827301225,False,True,exploratory_double
signed_xxy,199,7,True,neumann_corrected_tail,omega_up,0.0,0.0,0.0,10.837058667046872,10.837058667046872,36.255004229305264,6.350043961322369e-13,-75.17071728409633,12.604228499966041,12.708972781129196,59.919456471344404,1857.8124168385111,2629.339401609138,-12.820992204969132,-12.822561881283685,-8.128408150986672,-8.129977827301225,False,True,exploratory_double
signed_xxy,199,7,True,neumann_corrected_tail,square,0.0,0.0,0.0,10.837058667046872,10.837058667046872,36.255004229305264,6.350043961322369e-13,-75.17071728409633,12.604228499966041,12.708972781129196,59.919456471344404,1857.8124168385111,2629.339401609138,-12.820992204969132,-12.822561881283685,-8.128408150986672,-8.129977827301225,False,True,exploratory_double
symmetry_x_even,199,8,False,neumann_corrected_tail,x_only,0.0,0.0,0.0,10.837058667046872,10.837058667046872,36.255004229305264,6.350043961322369e-13,-75.17071728409633,12.604228499966041,12.708972781129196,59.919456471344404,1857.8124168385111,2629.339401609138,-12.820992204969132,-12.822561881283685,-8.128408150986672,-8.129977827301225,False,True,exploratory_double
symmetry_x_even,199,8,False,neumann_corrected_tail,y_only,0.0,0.0,0.0,10.837058667046872,10.837058667046872,36.255004229305264,6.350043961322369e-13,-75.17071728409633,12.604228499966041,12.708972781129196,59.919456471344404,1857.8124168385111,2629.339401609138,-12.820992204969132,-12.822561881283685,-8.128408150986672,-8.129977827301225,False,True,exploratory_double
symmetry_x_even,199,8,False,neumann_corrected_tail,omega_up,0.0,0.0,0.0,10.837058667046872,10.837058667046872,36.255004229305264,6.350043961322369e-13,-75.17071728409633,12.604228499966041,12.708972781129196,59.919456471344404,1857.8124168385111,2629.339401609138,-12.820992204969132,-12.822561881283685,-8.128408150986672,-8.129977827301225,False,True,exploratory_double
symmetry_x_even,199,8,False,neumann_corrected_tail,square,0.0,0.0,0.0,10.837058667046872,10.837058667046872,36.255004229305264,6.350043961322369e-13,-75.17071728409633,12.604228499966041,12.708972781129196,59.919456471344404,1857.8124168385111,2629.339401609138,-12.820992204969132,-12.822561881283685,-8.128408150986672,-8.129977827301225,False,True,exploratory_double
signed_xxy,199,8,False,neumann_corrected_tail,x_only,0.0,0.0,0.0,10.837058667046872,10.837058667046872,36.255004229305264,6.350043961322369e-13,-75.17071728409633,12.604228499966041,12.708972781129196,59.919456471344404,1857.8124168385111,2629.339401609138,-12.820992204969132,-12.822561881283685,-8.128408150986672,-8.129977827301225,False,True,exploratory_double
signed_xxy,199,8,False,neumann_corrected_tail,y_only,0.0,0.0,0.0,10.837058667046872,10.837058667046872,36.255004229305264,6.350043961322369e-13,-75.17071728409633,12.604228499966041,12.708972781129196,59.919456471344404,1857.8124168385111,2629.339401609138,-12.820992204969132,-12.822561881283685,-8.128408150986672,-8.129977827301225,False,True,exploratory_double
signed_xxy,199,8,False,neumann_corrected_tail,omega_up,0.0,0.0,0.0,10.837058667046872,10.837058667046872,36.255004229305264,6.350043961322369e-13,-75.17071728409633,12.604228499966041,12.708972781129196,59.919456471344404,1857.8124168385111,2629.339401609138,-12.820992204969132,-12.822561881283685,-8.128408150986672,-8.129977827301225,False,True,exploratory_double
signed_xxy,199,8,False,neumann_corrected_tail,square,0.0,0.0,0.0,10.837058667046872,10.837058667046872,36.255004229305264,6.350043961322369e-13,-75.17071728409633,12.604228499966041,12.708972781129196,59.919456471344404,1857.8124168385111,2629.339401609138,-12.820992204969132,-12.822561881283685,-8.128408150986672,-8.129977827301225,False,True,exploratory_double
symmetry_x_even,199,9,True,neumann_corrected_tail,x_only,0.0,0.0,0.0,10.837058667046872,10.837058667046872,36.255004229305264,6.350043961322369e-13,-75.17071728409633,12.604228499966041,12.708972781129196,59.919456471344404,1857.8124168385111,2629.339401609138,-12.820992204969132,-12.822561881283685,-8.128408150986672,-8.129977827301225,False,True,exploratory_double
symmetry_x_even,199,9,True,neumann_corrected_tail,y_only,0.0,0.0,0.0,10.837058667046872,10.837058667046872,36.255004229305264,6.350043961322369e-13,-75.17071728409633,12.604228499966041,12.708972781129196,59.919456471344404,1857.8124168385111,2629.339401609138,-12.820992204969132,-12.822561881283685,-8.128408150986672,-8.129977827301225,False,True,exploratory_double
symmetry_x_even,199,9,True,neumann_corrected_tail,omega_up,0.0,0.0,0.0,10.837058667046872,10.837058667046872,36.255004229305264,6.350043961322369e-13,-75.17071728409633,12.604228499966041,12.708972781129196,59.919456471344404,1857.8124168385111,2629.339401609138,-12.820992204969132,-12.822561881283685,-8.128408150986672,-8.129977827301225,False,True,exploratory_double
symmetry_x_even,199,9,True,neumann_corrected_tail,square,0.0,0.0,0.0,10.837058667046872,10.837058667046872,36.255004229305264,6.350043961322369e-13,-75.17071728409633,12.604228499966041,12.708972781129196,59.919456471344404,1857.8124168385111,2629.339401609138,-12.820992204969132,-12.822561881283685,-8.128408150986672,-8.129977827301225,False,True,exploratory_double
signed_xxy,199,9,True,neumann_corrected_tail,x_only,0.0,0.0,0.0,10.837058667046872,10.837058667046872,36.255004229305264,6.350043961322369e-13,-75.17071728409633,12.604228499966041,12.708972781129196,59.919456471344404,1857.8124168385111,2629.339401609138,-12.820992204969132,-12.822561881283685,-8.128408150986672,-8.129977827301225,False,True,exploratory_double
signed_xxy,199,9,True,neumann_corrected_tail,y_only,0.0,0.0,0.0,10.837058667046872,10.837058667046872,36.255004229305264,6.350043961322369e-13,-75.17071728409633,12.604228499966041,12.708972781129196,59.919456471344404,1857.8124168385111,2629.339401609138,-12.820992204969132,-12.822561881283685,-8.128408150986672,-8.129977827301225,False,True,exploratory_double
signed_xxy,199,9,True,neumann_corrected_tail,omega_up,0.0,0.0,0.0,10.837058667046872,10.837058667046872,36.255004229305264,6.350043961322369e-13,-75.17071728409633,12.604228499966041,12.708972781129196,59.919456471344404,1857.8124168385111,2629.339401609138,-12.820992204969132,-12.822561881283685,-8.128408150986672,-8.129977827301225,False,True,exploratory_double
signed_xxy,199,9,True,neumann_corrected_tail,square,0.0,0.0,0.0,10.837058667046872,10.837058667046872,36.255004229305264,6.350043961322369e-13,-75.17071728409633,12.604228499966041,12.708972781129196,59.919456471344404,1857.8124168385111,2629.339401609138,-12.820992204969132,-12.822561881283685,-8.128408150986672,-8.129977827301225,False,True,exploratory_double
symmetry_x_even,199,10,True,neumann_corrected_tail,x_only,0.0,0.0,0.0,10.837058667046872,10.837058667046872,36.255004229305264,6.350043961322369e-13,-75.17071728409633,12.604228499966041,12.708972781129196,59.919456471344404,1857.8124168385111,2629.339401609138,-12.820992204969132,-12.822561881283685,-8.128408150986672,-8.129977827301225,False,True,exploratory_double
symmetry_x_even,199,10,True,neumann_corrected_tail,y_only,0.0,0.0,0.0,10.837058667046872,10.837058667046872,36.255004229305264,6.350043961322369e-13,-75.17071728409633,12.604228499966041,12.708972781129196,59.919456471344404,1857.8124168385111,2629.339401609138,-12.820992204969132,-12.822561881283685,-8.128408150986672,-8.129977827301225,False,True,exploratory_double
symmetry_x_even,199,10,True,neumann_corrected_tail,omega_up,0.0,0.0,0.0,10.837058667046872,10.837058667046872,36.255004229305264,6.350043961322369e-13,-75.17071728409633,12.604228499966041,12.708972781129196,59.919456471344404,1857.8124168385111,2629.339401609138,-12.820992204969132,-12.822561881283685,-8.128408150986672,-8.129977827301225,False,True,exploratory_double
symmetry_x_even,199,10,True,neumann_corrected_tail,square,0.0,0.0,0.0,10.837058667046872,10.837058667046872,36.255004229305264,6.350043961322369e-13,-75.17071728409633,12.604228499966041,12.708972781129196,59.919456471344404,1857.8124168385111,2629.339401609138,-12.820992204969132,-12.822561881283685,-8.128408150986672,-8.129977827301225,False,True,exploratory_double
signed_xxy,199,10,True,neumann_corrected_tail,x_only,0.0,0.0,0.0,10.837058667046872,10.837058667046872,36.255004229305264,6.350043961322369e-13,-75.17071728409633,12.604228499966041,12.708972781129196,59.919456471344404,1857.8124168385111,2629.339401609138,-12.820992204969132,-12.822561881283685,-8.128408150986672,-8.129977827301225,False,True,exploratory_double
signed_xxy,199,10,True,neumann_corrected_tail,y_only,0.0,0.0,0.0,10.837058667046872,10.837058667046872,36.255004229305264,6.350043961322369e-13,-75.17071728409633,12.604228499966041,12.708972781129196,59.919456471344404,1857.8124168385111,2629.339401609138,-12.820992204969132,-12.822561881283685,-8.128408150986672,-8.129977827301225,False,True,exploratory_double
signed_xxy,199,10,True,neumann_corrected_tail,omega_up,0.0,0.0,0.0,10.837058667046872,10.837058667046872,36.255004229305264,6.350043961322369e-13,-75.17071728409633,12.604228499966041,12.708972781129196,59.919456471344404,1857.8124168385111,2629.339401609138,-12.820992204969132,-12.822561881283685,-8.128408150986672,-8.129977827301225,False,True,exploratory_double
signed_xxy,199,10,True,neumann_corrected_tail,square,0.0,0.0,0.0,10.837058667046872,10.837058667046872,36.255004229305264,6.350043961322369e-13,-75.17071728409633,12.604228499966041,12.708972781129196,59.919456471344404,1857.8124168385111,2629.339401609138,-12.820992204969132,-12.822561881283685,-8.128408150986672,-8.129977827301225,False,True,exploratory_double
symmetry_x_even,203,,,tail_ignored,x_only,0.2,0.0,0.2,36.25353145267341,36.25353145267341,36.25353145267341,6.296756665655021e-13,-75.17761454279557,0.0,0.0,59.91872615216295,1515.3099668164991,1931.738726624266,-13.35789251319255,-13.189512840739116,2.340347094264116,2.5087267667175492,True,True,exploratory_double
symmetry_x_even,203,,,tail_ignored,y_only,0.0,0.0033341587372670827,0.0033341587372670827,29.812807899181923,36.25353145267341,36.25353145267341,6.296756665655021e-13,-75.17761454279557,0.0,0.0,59.91872615216295,1515.3099668164991,1931.738726624266,-12.858065665940638,-12.8596241824487,0.001558516508064045,1.7763568394002505e-15,True,True,exploratory_double
symmetry_x_even,203,,,tail_ignored,omega_up,0.033172351542497855,0.0033172351542497857,0.03333780070622012,29.845499839889676,36.25353145267341,36.25353145267341,6.296756665655021e-13,-75.17761454279557,0.0,0.0,59.91872615216295,1515.3099668164991,1931.738726624266,-12.873978254361907,-12.870881457037564,1.7763568394002505e-15,0.0030967973243445357,True,True,exploratory_double
symmetry_x_even,203,,,tail_ignored,square,0.0033340237871757536,0.0033340237871757536,0.0047150216570984605,29.813068587499505,36.25353145267341,36.25353145267341,6.296756665655021e-13,-75.17761454279557,0.0,0.0,59.91872615216295,1515.3099668164991,1931.738726624266,-12.858227135014134,-12.859738640851496,0.0015115058373638135,1.7763568394002505e-15,True,True,exploratory_double
signed_xxy,203,,,tail_ignored,x_only,0.2,0.0,0.2,36.25353145267341,36.25353145267341,36.25353145267341,6.296756665655021e-13,-75.17761454279557,0.0,0.0,59.91872615216295,1515.3099668164991,1931.738726624266,-13.35789251319255,-13.189512840739116,2.340347094264116,2.5087267667175492,True,True,exploratory_double
signed_xxy,203,,,tail_ignored,y_only,0.0,0.097074049217229,0.097074049217229,36.25353145267341,36.25353145267341,36.25353145267341,6.296756665655021e-13,-75.17761454279557,0.0,0.0,59.91872615216295,1515.3099668164991,1931.738726624266,-13.938601059189072,-13.92403003308915,7.105427357601002e-15,0.01457102609992944,True,True,exploratory_double
signed_xxy,203,,,tail_ignored,omega_up,0.2,0.020000000000000004,0.2009975124224178,36.25353145267341,36.25353145267341,36.25353145267341,6.296756665655021e-13,-75.17761454279557,0.0,0.0,59.91872615216295,1515.3099668164991,1931.738726624266,-13.637399066293009,-13.462063407637975,1.698305226636922,1.8736408852919553,True,True,exploratory_double
signed_xxy,203,,,tail_ignored,square,0.09091053201082128,0.09091053201082128,0.12856690733225684,36.25353145267341,36.25353145267341,36.25353145267341,6.296756665655021e-13,-75.17761454279557,0.0,0.0,59.91872615216295,1515.3099668164991,1931.738726624266,-14.050325691639873,-13.997165899166884,3.552713678800501e-15,0.05315979247299296,True,True,exploratory_double
symmetry_x_even,203,5,True,neumann_corrected_tail,x_only,0.0,0.0,0.0,-15.016352687591208,-15.016352687591208,36.25353145267341,6.296756665655021e-13,-75.17761454279557,25.425392134954116,25.634942070132308,59.91872615216295,2168.191050964306,2877.7042347902593,-12.820992204969132,-12.822561881283685,-19.32326365478949,-19.324833331104042,False,True,exploratory_double
symmetry_x_even,203,5,True,neumann_corrected_tail,y_only,0.0,0.0,0.0,-15.016352687591208,-15.016352687591208,36.25353145267341,6.296756665655021e-13,-75.17761454279557,25.425392134954116,25.634942070132308,59.91872615216295,2168.191050964306,2877.7042347902593,-12.820992204969132,-12.822561881283685,-19.32326365478949,-19.324833331104042,False,True,exploratory_double
symmetry_x_even,203,5,True,neumann_corrected_tail,omega_up,0.0,0.0,0.0,-15.016352687591208,-15.016352687591208,36.25353145267341,6.296756665655021e-13,-75.17761454279557,25.425392134954116,25.634942070132308,59.91872615216295,2168.191050964306,2877.7042347902593,-12.820992204969132,-12.822561881283685,-19.32326365478949,-19.324833331104042,False,True,exploratory_double
symmetry_x_even,203,5,True,neumann_corrected_tail,square,0.0,0.0,0.0,-15.016352687591208,-15.016352687591208,36.25353145267341,6.296756665655021e-13,-75.17761454279557,25.425392134954116,25.634942070132308,59.91872615216295,2168.191050964306,2877.7042347902593,-12.820992204969132,-12.822561881283685,-19.32326365478949,-19.324833331104042,False,True,exploratory_double
signed_xxy,203,5,True,neumann_corrected_tail,x_only,0.0,0.0,0.0,-15.016352687591208,-15.016352687591208,36.25353145267341,6.296756665655021e-13,-75.17761454279557,25.425392134954116,25.634942070132308,59.91872615216295,2168.191050964306,2877.7042347902593,-12.820992204969132,-12.822561881283685,-19.32326365478949,-19.324833331104042,False,True,exploratory_double
signed_xxy,203,5,True,neumann_corrected_tail,y_only,0.0,0.0,0.0,-15.016352687591208,-15.016352687591208,36.25353145267341,6.296756665655021e-13,-75.17761454279557,25.425392134954116,25.634942070132308,59.91872615216295,2168.191050964306,2877.7042347902593,-12.820992204969132,-12.822561881283685,-19.32326365478949,-19.324833331104042,False,True,exploratory_double
signed_xxy,203,5,True,neumann_corrected_tail,omega_up,0.0,0.0,0.0,-15.016352687591208,-15.016352687591208,36.25353145267341,6.296756665655021e-13,-75.17761454279557,25.425392134954116,25.634942070132308,59.91872615216295,2168.191050964306,2877.7042347902593,-12.820992204969132,-12.822561881283685,-19.32326365478949,-19.324833331104042,False,True,exploratory_double
signed_xxy,203,5,True,neumann_corrected_tail,square,0.0,0.0,0.0,-15.016352687591208,-15.016352687591208,36.25353145267341,6.296756665655021e-13,-75.17761454279557,25.425392134954116,25.634942070132308,59.91872615216295,2168.191050964306,2877.7042347902593,-12.820992204969132,-12.822561881283685,-19.32326365478949,-19.324833331104042,False,True,exploratory_double
symmetry_x_even,203,6,False,neumann_corrected_tail,x_only,0.0,0.0,0.0,-15.016352687591208,-15.016352687591208,36.25353145267341,6.296756665655021e-13,-75.17761454279557,25.425392134954116,25.634942070132308,59.91872615216295,2168.191050964306,2877.7042347902593,-12.820992204969132,-12.822561881283685,-19.32326365478949,-19.324833331104042,False,True,exploratory_double
symmetry_x_even,203,6,False,neumann_corrected_tail,y_only,0.0,0.0,0.0,-15.016352687591208,-15.016352687591208,36.25353145267341,6.296756665655021e-13,-75.17761454279557,25.425392134954116,25.634942070132308,59.91872615216295,2168.191050964306,2877.7042347902593,-12.820992204969132,-12.822561881283685,-19.32326365478949,-19.324833331104042,False,True,exploratory_double
symmetry_x_even,203,6,False,neumann_corrected_tail,omega_up,0.0,0.0,0.0,-15.016352687591208,-15.016352687591208,36.25353145267341,6.296756665655021e-13,-75.17761454279557,25.425392134954116,25.634942070132308,59.91872615216295,2168.191050964306,2877.7042347902593,-12.820992204969132,-12.822561881283685,-19.32326365478949,-19.324833331104042,False,True,exploratory_double
symmetry_x_even,203,6,False,neumann_corrected_tail,square,0.0,0.0,0.0,-15.016352687591208,-15.016352687591208,36.25353145267341,6.296756665655021e-13,-75.17761454279557,25.425392134954116,25.634942070132308,59.91872615216295,2168.191050964306,2877.7042347902593,-12.820992204969132,-12.822561881283685,-19.32326365478949,-19.324833331104042,False,True,exploratory_double
signed_xxy,203,6,False,neumann_corrected_tail,x_only,0.0,0.0,0.0,-15.016352687591208,-15.016352687591208,36.25353145267341,6.296756665655021e-13,-75.17761454279557,25.425392134954116,25.634942070132308,59.91872615216295,2168.191050964306,2877.7042347902593,-12.820992204969132,-12.822561881283685,-19.32326365478949,-19.324833331104042,False,True,exploratory_double
signed_xxy,203,6,False,neumann_corrected_tail,y_only,0.0,0.0,0.0,-15.016352687591208,-15.016352687591208,36.25353145267341,6.296756665655021e-13,-75.17761454279557,25.425392134954116,25.634942070132308,59.91872615216295,2168.191050964306,2877.7042347902593,-12.820992204969132,-12.822561881283685,-19.32326365478949,-19.324833331104042,False,True,exploratory_double
signed_xxy,203,6,False,neumann_corrected_tail,omega_up,0.0,0.0,0.0,-15.016352687591208,-15.016352687591208,36.25353145267341,6.296756665655021e-13,-75.17761454279557,25.425392134954116,25.634942070132308,59.91872615216295,2168.191050964306,2877.7042347902593,-12.820992204969132,-12.822561881283685,-19.32326365478949,-19.324833331104042,False,True,exploratory_double
signed_xxy,203,6,False,neumann_corrected_tail,square,0.0,0.0,0.0,-15.016352687591208,-15.016352687591208,36.25353145267341,6.296756665655021e-13,-75.17761454279557,25.425392134954116,25.634942070132308,59.91872615216295,2168.191050964306,2877.7042347902593,-12.820992204969132,-12.822561881283685,-19.32326365478949,-19.324833331104042,False,True,exploratory_double
symmetry_x_even,203,7,True,neumann_corrected_tail,x_only,0.0,0.0,0.0,10.838785121091306,10.838785121091306,36.25353145267341,6.296756665655021e-13,-75.17761454279557,12.603498180784584,12.70737316579105,59.91872615216295,1857.7628227018815,2629.242027493273,-12.820992204969132,-12.822561881283685,-8.1276605744562,-8.129230250770753,False,True,exploratory_double
symmetry_x_even,203,7,True,neumann_corrected_tail,y_only,0.0,0.0,0.0,10.838785121091306,10.838785121091306,36.25353145267341,6.296756665655021e-13,-75.17761454279557,12.603498180784584,12.70737316579105,59.91872615216295,1857.7628227018815,2629.242027493273,-12.820992204969132,-12.822561881283685,-8.1276605744562,-8.129230250770753,False,True,exploratory_double
symmetry_x_even,203,7,True,neumann_corrected_tail,omega_up,0.0,0.0,0.0,10.838785121091306,10.838785121091306,36.25353145267341,6.296756665655021e-13,-75.17761454279557,12.603498180784584,12.70737316579105,59.91872615216295,1857.7628227018815,2629.242027493273,-12.820992204969132,-12.822561881283685,-8.1276605744562,-8.129230250770753,False,True,exploratory_double
symmetry_x_even,203,7,True,neumann_corrected_tail,square,0.0,0.0,0.0,10.838785121091306,10.838785121091306,36.25353145267341,6.296756665655021e-13,-75.17761454279557,12.603498180784584,12.70737316579105,59.91872615216295,1857.7628227018815,2629.242027493273,-12.820992204969132,-12.822561881283685,-8.1276605744562,-8.129230250770753,False,True,exploratory_double
signed_xxy,203,7,True,neumann_corrected_tail,x_only,0.0,0.0,0.0,10.838785121091306,10.838785121091306,36.25353145267341,6.296756665655021e-13,-75.17761454279557,12.603498180784584,12.70737316579105,59.91872615216295,1857.7628227018815,2629.242027493273,-12.820992204969132,-12.822561881283685,-8.1276605744562,-8.129230250770753,False,True,exploratory_double
signed_xxy,203,7,True,neumann_corrected_tail,y_only,0.0,0.0,0.0,10.838785121091306,10.838785121091306,36.25353145267341,6.296756665655021e-13,-75.17761454279557,12.603498180784584,12.70737316579105,59.91872615216295,1857.7628227018815,2629.242027493273,-12.820992204969132,-12.822561881283685,-8.1276605744562,-8.129230250770753,False,True,exploratory_double
signed_xxy,203,7,True,neumann_corrected_tail,omega_up,0.0,0.0,0.0,10.838785121091306,10.838785121091306,36.25353145267341,6.296756665655021e-13,-75.17761454279557,12.603498180784584,12.70737316579105,59.91872615216295,1857.7628227018815,2629.242027493273,-12.820992204969132,-12.822561881283685,-8.1276605744562,-8.129230250770753,False,True,exploratory_double
signed_xxy,203,7,True,neumann_corrected_tail,square,0.0,0.0,0.0,10.838785121091306,10.838785121091306,36.25353145267341,6.296756665655021e-13,-75.17761454279557,12.603498180784584,12.70737316579105,59.91872615216295,1857.7628227018815,2629.242027493273,-12.820992204969132,-12.822561881283685,-8.1276605744562,-8.129230250770753,False,True,exploratory_double
symmetry_x_even,203,8,False,neumann_corrected_tail,x_only,0.0,0.0,0.0,10.838785121091306,10.838785121091306,36.25353145267341,6.296756665655021e-13,-75.17761454279557,12.603498180784584,12.70737316579105,59.91872615216295,1857.7628227018815,2629.242027493273,-12.820992204969132,-12.822561881283685,-8.1276605744562,-8.129230250770753,False,True,exploratory_double
symmetry_x_even,203,8,False,neumann_corrected_tail,y_only,0.0,0.0,0.0,10.838785121091306,10.838785121091306,36.25353145267341,6.296756665655021e-13,-75.17761454279557,12.603498180784584,12.70737316579105,59.91872615216295,1857.7628227018815,2629.242027493273,-12.820992204969132,-12.822561881283685,-8.1276605744562,-8.129230250770753,False,True,exploratory_double
symmetry_x_even,203,8,False,neumann_corrected_tail,omega_up,0.0,0.0,0.0,10.838785121091306,10.838785121091306,36.25353145267341,6.296756665655021e-13,-75.17761454279557,12.603498180784584,12.70737316579105,59.91872615216295,1857.7628227018815,2629.242027493273,-12.820992204969132,-12.822561881283685,-8.1276605744562,-8.129230250770753,False,True,exploratory_double
symmetry_x_even,203,8,False,neumann_corrected_tail,square,0.0,0.0,0.0,10.838785121091306,10.838785121091306,36.25353145267341,6.296756665655021e-13,-75.17761454279557,12.603498180784584,12.70737316579105,59.91872615216295,1857.7628227018815,2629.242027493273,-12.820992204969132,-12.822561881283685,-8.1276605744562,-8.129230250770753,False,True,exploratory_double
signed_xxy,203,8,False,neumann_corrected_tail,x_only,0.0,0.0,0.0,10.838785121091306,10.838785121091306,36.25353145267341,6.296756665655021e-13,-75.17761454279557,12.603498180784584,12.70737316579105,59.91872615216295,1857.7628227018815,2629.242027493273,-12.820992204969132,-12.822561881283685,-8.1276605744562,-8.129230250770753,False,True,exploratory_double
signed_xxy,203,8,False,neumann_corrected_tail,y_only,0.0,0.0,0.0,10.838785121091306,10.838785121091306,36.25353145267341,6.296756665655021e-13,-75.17761454279557,12.603498180784584,12.70737316579105,59.91872615216295,1857.7628227018815,2629.242027493273,-12.820992204969132,-12.822561881283685,-8.1276605744562,-8.129230250770753,False,True,exploratory_double
signed_xxy,203,8,False,neumann_corrected_tail,omega_up,0.0,0.0,0.0,10.838785121091306,10.838785121091306,36.25353145267341,6.296756665655021e-13,-75.17761454279557,12.603498180784584,12.70737316579105,59.91872615216295,1857.7628227018815,2629.242027493273,-12.820992204969132,-12.822561881283685,-8.1276605744562,-8.129230250770753,False,True,exploratory_double
signed_xxy,203,8,False,neumann_corrected_tail,square,0.0,0.0,0.0,10.838785121091306,10.838785121091306,36.25353145267341,6.296756665655021e-13,-75.17761454279557,12.603498180784584,12.70737316579105,59.91872615216295,1857.7628227018815,2629.242027493273,-12.820992204969132,-12.822561881283685,-8.1276605744562,-8.129230250770753,False,True,exploratory_double
symmetry_x_even,203,9,True,neumann_corrected_tail,x_only,0.0,0.0,0.0,10.838785121091306,10.838785121091306,36.25353145267341,6.296756665655021e-13,-75.17761454279557,12.603498180784584,12.70737316579105,59.91872615216295,1857.7628227018815,2629.242027493273,-12.820992204969132,-12.822561881283685,-8.1276605744562,-8.129230250770753,False,True,exploratory_double
symmetry_x_even,203,9,True,neumann_corrected_tail,y_only,0.0,0.0,0.0,10.838785121091306,10.838785121091306,36.25353145267341,6.296756665655021e-13,-75.17761454279557,12.603498180784584,12.70737316579105,59.91872615216295,1857.7628227018815,2629.242027493273,-12.820992204969132,-12.822561881283685,-8.1276605744562,-8.129230250770753,False,True,exploratory_double
symmetry_x_even,203,9,True,neumann_corrected_tail,omega_up,0.0,0.0,0.0,10.838785121091306,10.838785121091306,36.25353145267341,6.296756665655021e-13,-75.17761454279557,12.603498180784584,12.70737316579105,59.91872615216295,1857.7628227018815,2629.242027493273,-12.820992204969132,-12.822561881283685,-8.1276605744562,-8.129230250770753,False,True,exploratory_double
symmetry_x_even,203,9,True,neumann_corrected_tail,square,0.0,0.0,0.0,10.838785121091306,10.838785121091306,36.25353145267341,6.296756665655021e-13,-75.17761454279557,12.603498180784584,12.70737316579105,59.91872615216295,1857.7628227018815,2629.242027493273,-12.820992204969132,-12.822561881283685,-8.1276605744562,-8.129230250770753,False,True,exploratory_double
signed_xxy,203,9,True,neumann_corrected_tail,x_only,0.0,0.0,0.0,10.838785121091306,10.838785121091306,36.25353145267341,6.296756665655021e-13,-75.17761454279557,12.603498180784584,12.70737316579105,59.91872615216295,1857.7628227018815,2629.242027493273,-12.820992204969132,-12.822561881283685,-8.1276605744562,-8.129230250770753,False,True,exploratory_double
signed_xxy,203,9,True,neumann_corrected_tail,y_only,0.0,0.0,0.0,10.838785121091306,10.838785121091306,36.25353145267341,6.296756665655021e-13,-75.17761454279557,12.603498180784584,12.70737316579105,59.91872615216295,1857.7628227018815,2629.242027493273,-12.820992204969132,-12.822561881283685,-8.1276605744562,-8.129230250770753,False,True,exploratory_double
signed_xxy,203,9,True,neumann_corrected_tail,omega_up,0.0,0.0,0.0,10.838785121091306,10.838785121091306,36.25353145267341,6.296756665655021e-13,-75.17761454279557,12.603498180784584,12.70737316579105,59.91872615216295,1857.7628227018815,2629.242027493273,-12.820992204969132,-12.822561881283685,-8.1276605744562,-8.129230250770753,False,True,exploratory_double
signed_xxy,203,9,True,neumann_corrected_tail,square,0.0,0.0,0.0,10.838785121091306,10.838785121091306,36.25353145267341,6.296756665655021e-13,-75.17761454279557,12.603498180784584,12.70737316579105,59.91872615216295,1857.7628227018815,2629.242027493273,-12.820992204969132,-12.822561881283685,-8.1276605744562,-8.129230250770753,False,True,exploratory_double
symmetry_x_even,203,10,True,neumann_corrected_tail,x_only,0.0,0.0,0.0,10.838785121091306,10.838785121091306,36.25353145267341,6.296756665655021e-13,-75.17761454279557,12.603498180784584,12.70737316579105,59.91872615216295,1857.7628227018815,2629.242027493273,-12.820992204969132,-12.822561881283685,-8.1276605744562,-8.129230250770753,False,True,exploratory_double
symmetry_x_even,203,10,True,neumann_corrected_tail,y_only,0.0,0.0,0.0,10.838785121091306,10.838785121091306,36.25353145267341,6.296756665655021e-13,-75.17761454279557,12.603498180784584,12.70737316579105,59.91872615216295,1857.7628227018815,2629.242027493273,-12.820992204969132,-12.822561881283685,-8.1276605744562,-8.129230250770753,False,True,exploratory_double
symmetry_x_even,203,10,True,neumann_corrected_tail,omega_up,0.0,0.0,0.0,10.838785121091306,10.838785121091306,36.25353145267341,6.296756665655021e-13,-75.17761454279557,12.603498180784584,12.70737316579105,59.91872615216295,1857.7628227018815,2629.242027493273,-12.820992204969132,-12.822561881283685,-8.1276605744562,-8.129230250770753,False,True,exploratory_double
symmetry_x_even,203,10,True,neumann_corrected_tail,square,0.0,0.0,0.0,10.838785121091306,10.838785121091306,36.25353145267341,6.296756665655021e-13,-75.17761454279557,12.603498180784584,12.70737316579105,59.91872615216295,1857.7628227018815,2629.242027493273,-12.820992204969132,-12.822561881283685,-8.1276605744562,-8.129230250770753,False,True,exploratory_double
signed_xxy,203,10,True,neumann_corrected_tail,x_only,0.0,0.0,0.0,10.838785121091306,10.838785121091306,36.25353145267341,6.296756665655021e-13,-75.17761454279557,12.603498180784584,12.70737316579105,59.91872615216295,1857.7628227018815,2629.242027493273,-12.820992204969132,-12.822561881283685,-8.1276605744562,-8.129230250770753,False,True,exploratory_double
signed_xxy,203,10,True,neumann_corrected_tail,y_only,0.0,0.0,0.0,10.838785121091306,10.838785121091306,36.25353145267341,6.296756665655021e-13,-75.17761454279557,12.603498180784584,12.70737316579105,59.91872615216295,1857.7628227018815,2629.242027493273,-12.820992204969132,-12.822561881283685,-8.1276605744562,-8.129230250770753,False,True,exploratory_double
signed_xxy,203,10,True,neumann_corrected_tail,omega_up,0.0,0.0,0.0,10.838785121091306,10.838785121091306,36.25353145267341,6.296756665655021e-13,-75.17761454279557,12.603498180784584,12.70737316579105,59.91872615216295,1857.7628227018815,2629.242027493273,-12.820992204969132,-12.822561881283685,-8.1276605744562,-8.129230250770753,False,True,exploratory_double
signed_xxy,203,10,True,neumann_corrected_tail,square,0.0,0.0,0.0,10.838785121091306,10.838785121091306,36.25353145267341,6.296756665655021e-13,-75.17761454279557,12.603498180784584,12.70737316579105,59.91872615216295,1857.7628227018815,2629.242027493273,-12.820992204969132,-12.822561881283685,-8.1276605744562,-8.129230250770753,False,True,exploratory_double
